property_type,bedrooms,bathrooms,surface_m2,price,city,neighborhood,log_price
Apartment,2.0,2.0,113.0,170000.0,Ariana,Ariana Ville,5.230448921378274
Villa,4.0,2.0,1208.0,700000.0,Ariana,La Soukra,5.845098040014257
Apartment,3.0,2.0,138.0,340000.0,Ariana,Jardins D'el Menzah,5.531478917042255
Villa,2.0,1.0,150.0,120000.0,Ariana,Raoued,5.079181246047625
Apartment,2.0,1.0,80.0,230000.0,Ariana,Ennasr,5.361727836017593
Apartment,4.0,2.0,200.0,440000.0,Ariana,Ennasr,5.643452676486188
Villa,4.0,2.0,130.0,125000.0,Ariana,Autres villes,5.096910013008056
Villa,2.0,1.0,150.0,170000.0,Ariana,Ghazela,5.230448921378274
Apartment,4.0,1.0,160.0,310000.0,Ariana,Autres villes,5.491361693834273
Apartment,2.0,1.0,89.0,136000.0,Ariana,Borj Louzir,5.133538908370218
Apartment,2.0,1.0,94.0,185000.0,Ariana,La Soukra,5.267171728403014
Apartment,1.0,1.0,79.0,146150.0,Ariana,Ghazela,5.164798819693456
Villa,6.0,4.0,1200.0,1150000.0,Ariana,La Soukra,6.060697840353612
Villa,4.0,2.0,320.0,265000.0,Ariana,Ghazela,5.423245873936808
Apartment,3.0,1.0,157.0,340000.0,Ariana,Ennasr,5.531478917042255
Villa,3.0,2.0,220.0,490000.0,Ariana,Ennasr,5.690196080028514
Apartment,2.0,1.0,105.0,225000.0,Ariana,La Soukra,5.352182518111363
Villa,5.0,2.0,400.0,620000.0,Ariana,Chotrana,5.792391689498253
Apartment,3.0,1.0,130.0,320000.0,Ariana,Ennasr,5.505149978319906
Villa,4.0,2.0,180.0,750000.0,Ariana,La Soukra,5.8750612633917
Villa,5.0,3.0,265.0,470000.0,Ariana,La Soukra,5.672097857935717
Apartment,2.0,1.0,120.0,270000.0,Ariana,Ennasr,5.431363764158987
Apartment,3.0,2.0,100.0,170000.0,Ariana,Borj Louzir,5.230448921378274
Apartment,2.0,1.0,74.0,180000.0,Ariana,Ennasr,5.2552725051033065
Apartment,2.0,1.0,90.0,205000.0,Ariana,Ariana,5.311753861055754
Apartment,3.0,2.0,151.0,225000.0,Ariana,Jardins D'el Menzah,5.352182518111363
Villa,5.0,3.0,1000.0,1000000.0,Ariana,La Soukra,6.0
Apartment,4.0,2.0,145.0,410000.0,Ariana,Ennasr,5.612783856719736
Apartment,4.0,1.0,126.0,250000.0,Ariana,Ennasr,5.3979400086720375
Villa,1.0,1.0,150.0,68000.0,Ariana,Chotrana,4.832508912706237
Villa,5.0,1.0,1000.0,400000.0,Ariana,Sidi Thabet,5.6020599913279625
Villa,1.0,1.0,244.0,88000.0,Ariana,Raoued,4.944482672150168
Villa,3.0,1.0,125.0,140000.0,Ariana,Raoued,5.146128035678238
Villa,6.0,2.0,130.0,210000.0,Ariana,Ariana,5.32221929473392
Apartment,1.0,1.0,64.0,155000.0,Ariana,Autres villes,5.190331698170292
Villa,3.0,1.0,200.0,90000.0,Ariana,Raoued,4.954242509439325
Apartment,2.0,1.0,105.0,230000.0,Ariana,Jardins D'el Menzah,5.361727836017593
Villa,1.0,1.0,138.0,80000.0,Ariana,Raoued,4.903089986991944
Villa,2.0,1.0,103.0,115000.0,Ariana,Ghazela,5.060697840353612
Apartment,3.0,1.0,163.0,340000.0,Ariana,Borj Louzir,5.531478917042255
Villa,3.0,1.0,120.0,400000.0,Ariana,Ghazela,5.6020599913279625
Villa,8.0,3.0,280.0,145000.0,Ariana,Ghazela,5.161368002234975
Villa,3.0,2.0,188.0,257000.0,Ariana,Jardins D'el Menzah,5.409933123331294
Apartment,3.0,1.0,76.0,115000.0,Ariana,Chotrana,5.060697840353612
Apartment,2.0,2.0,130.0,28000.0,Ariana,Jardins D'el Menzah,4.447158031342219
Villa,2.0,1.0,125.0,78000.0,Ariana,Autres villes,4.892094602690481
Apartment,4.0,3.0,370.0,1100000.0,Ariana,La Soukra,6.041392685158225
Apartment,3.0,2.0,143.0,360000.0,Ariana,La Soukra,5.556302500767287
Apartment,4.0,2.0,200.0,360000.0,Ariana,Ennasr,5.556302500767287
Apartment,3.0,1.0,150.0,350000.0,Ariana,Ennasr,5.544068044350276
Apartment,2.0,1.0,130.0,300000.0,Ariana,Ennasr,5.477121254719663
Apartment,4.0,2.0,120.0,200000.0,Ariana,Autres villes,5.301029995663981
Apartment,1.0,1.0,56.0,158000.0,Ariana,Jardins D'el Menzah,5.198657086954422
Apartment,2.0,2.0,136.0,300000.0,Ariana,Ennasr,5.477121254719663
Apartment,3.0,2.0,140.0,275000.0,Ariana,Jardins D'el Menzah,5.439332693830263
Apartment,3.0,1.0,110.0,150000.0,Ariana,Raoued,5.176091259055681
Apartment,2.0,1.0,100.0,230000.0,Ariana,Jardins D'el Menzah,5.361727836017593
Apartment,2.0,1.0,120.0,240000.0,Ariana,Ennasr,5.380211241711606
Apartment,3.0,1.0,165.0,1050000.0,Ariana,Jardins D'el Menzah,6.021189299069938
Apartment,2.0,1.0,126.0,330000.0,Ariana,Ennasr,5.518513939877887
Villa,5.0,3.0,327.0,880000.0,Ariana,La Soukra,5.944482672150168
Villa,4.0,5.0,434.0,1800000.0,Ariana,La Soukra,6.2552725051033065
Apartment,3.0,3.0,278.0,750000.0,Ariana,La Soukra,5.8750612633917
Villa,5.0,3.0,210.0,320000.0,Ariana,Ariana Ville,5.505149978319906
Apartment,2.0,2.0,186.0,470000.0,Ariana,La Soukra,5.672097857935717
Apartment,3.0,3.0,188.0,650000.0,Ariana,La Soukra,5.812913356642856
Apartment,4.0,3.0,370.0,1100000.0,Ariana,La Soukra,6.041392685158225
Apartment,1.0,1.0,87.0,243000.0,Ariana,Ennasr,5.385606273598312
Apartment,3.0,3.0,165.0,650000.0,Ariana,La Soukra,5.812913356642856
Apartment,4.0,2.0,130.0,285000.0,Ariana,Jardins D'el Menzah,5.45484486000851
Apartment,1.0,1.0,60.0,180000.0,Ariana,Ennasr,5.2552725051033065
Apartment,1.0,1.0,75.0,190000.0,Ariana,Ennasr,5.278753600952829
Apartment,4.0,1.0,100.0,400000.0,Ariana,Autres villes,5.6020599913279625
Villa,4.0,2.0,120.0,200000.0,Ariana,Autres villes,5.301029995663981
Apartment,3.0,2.0,138.0,295000.0,Ariana,Ariana Ville,5.469822015978163
Villa,2.0,1.0,110.0,115000.0,Ariana,Autres villes,5.060697840353612
Apartment,1.0,1.0,72.0,160000.0,Ariana,Chotrana,5.204119982655925
Villa,4.0,2.0,260.0,490000.0,Ariana,Ariana,5.690196080028514
Apartment,2.0,1.0,62.0,109000.0,Ariana,Chotrana,5.037426497940624
Villa,4.0,1.0,260.0,650000.0,Ariana,La Soukra,5.812913356642856
Apartment,3.0,1.0,85.0,150000.0,Ariana,Borj Louzir,5.176091259055681
Apartment,2.0,1.0,52.0,85000.0,Ariana,Ariana,4.929418925714293
Apartment,3.0,2.0,120.0,245000.0,Ariana,Ariana,5.389166084364533
Apartment,3.0,2.0,153.0,339000.0,Ariana,Ariana,5.5301996982030825
Apartment,2.0,1.0,115.0,168000.0,Ariana,Ghazela,5.225309281725863
Villa,3.0,2.0,609.0,540000.0,Ariana,Ariana,5.732393759822968
Villa,3.0,2.0,161.0,370000.0,Ariana,Ariana,5.568201724066995
Apartment,3.0,1.0,100.0,125000.0,Ariana,Raoued,5.096910013008056
Apartment,2.0,1.0,70.0,230000.0,Ariana,Ariana,5.361727836017593
Villa,3.0,4.0,1078.0,1700000.0,Ariana,Ariana,6.230448921378274
Apartment,3.0,2.0,125.0,210000.0,Ariana,Ghazela,5.32221929473392
Villa,3.0,2.0,400.0,650000.0,Ariana,Ghazela,5.812913356642856
Villa,4.0,2.0,410.0,530000.0,Ariana,Ghazela,5.724275869600789
Villa,4.0,2.0,120.0,175000.0,Ariana,Ghazela,5.243038048686294
Apartment,4.0,2.0,157.0,441000.0,Ariana,Ennasr,5.644438589467838
Apartment,3.0,2.0,187.0,570000.0,Ariana,La Soukra,5.755874855672492
Apartment,1.0,1.0,57.0,145000.0,Ariana,Jardins D'el Menzah,5.161368002234975
Villa,5.0,3.0,327.0,840000.0,Ariana,La Soukra,5.924279286061882
Apartment,2.0,2.0,126.0,330000.0,Ariana,Jardins D'el Menzah,5.518513939877887
Villa,5.0,3.0,220.0,480000.0,Ariana,Ghazela,5.681241237375588
Apartment,3.0,2.0,163.0,340000.0,Ariana,Ennasr,5.531478917042255
Apartment,2.0,1.0,105.0,220000.0,Ariana,Ennasr,5.342422680822207
Apartment,4.0,1.0,153.0,360000.0,Ariana,Ariana,5.556302500767287
Apartment,2.0,1.0,120.0,230000.0,Ariana,Jardins D'el Menzah,5.361727836017593
Villa,5.0,4.0,380.0,760000.0,Ariana,La Soukra,5.880813592280791
Apartment,2.0,1.0,100.0,90000.0,Ariana,Borj Louzir,4.954242509439325
Apartment,3.0,2.0,140.0,290000.0,Ariana,La Soukra,5.4623979978989565
Apartment,4.0,2.0,170.0,295000.0,Ariana,Ennasr,5.469822015978163
Apartment,3.0,1.0,76.0,120000.0,Ariana,Ariana,5.079181246047625
Villa,5.0,3.0,686.0,750000.0,Ariana,Ariana,5.8750612633917
Apartment,3.0,1.0,160.0,310000.0,Ariana,Ennasr,5.491361693834273
Apartment,4.0,1.0,130.0,95000.0,Ariana,Borj Louzir,4.977723605288848
Apartment,2.0,2.0,100.0,310000.0,Ariana,La Soukra,5.491361693834273
Villa,5.0,2.0,350.0,310000.0,Ariana,Jardins D'el Menzah,5.491361693834273
Apartment,2.0,1.0,72.0,160000.0,Ariana,Chotrana,5.204119982655925
Apartment,3.0,1.0,110.0,220000.0,Ariana,Borj Louzir,5.342422680822207
Apartment,3.0,1.0,170.0,350000.0,Ariana,Ennasr,5.544068044350276
Villa,5.0,1.0,240.0,280000.0,Ariana,Raoued,5.447158031342219
Apartment,2.0,1.0,120.0,280000.0,Ariana,La Soukra,5.447158031342219
Villa,5.0,3.0,250.0,410000.0,Ariana,La Soukra,5.612783856719736
Apartment,3.0,2.0,155.0,300000.0,Ariana,La Soukra,5.477121254719663
Villa,7.0,2.0,401.0,550000.0,Ariana,Ariana,5.740362689494244
Apartment,3.0,2.0,175.0,440000.0,Ariana,Autres villes,5.643452676486188
Apartment,3.0,1.0,170.0,350000.0,Ariana,Ennasr,5.544068044350276
Apartment,2.0,2.0,140.0,240000.0,Ariana,La Soukra,5.380211241711606
Apartment,4.0,1.0,100.0,170000.0,Ariana,Borj Louzir,5.230448921378274
Apartment,4.0,3.0,174.0,500000.0,Ariana,La Soukra,5.698970004336019
Apartment,2.0,1.0,107.0,220000.0,Ariana,La Soukra,5.342422680822207
Apartment,2.0,2.0,122.0,268000.0,Ariana,La Soukra,5.4281347940287885
Villa,6.0,5.0,520.0,1350000.0,Ariana,La Soukra,6.130333768495007
Apartment,2.0,2.0,115.0,310000.0,Ariana,La Soukra,5.491361693834273
Apartment,3.0,2.0,200.0,355000.0,Ariana,Ennasr,5.550228353055094
Apartment,2.0,1.0,90.0,135000.0,Ariana,Borj Louzir,5.130333768495007
Apartment,3.0,3.0,187.0,465000.0,Ariana,Ennasr,5.6674529528899535
Apartment,3.0,3.0,191.0,370000.0,Ariana,Ennasr,5.568201724066995
Apartment,2.0,1.0,120.0,270000.0,Ariana,Ennasr,5.431363764158987
Apartment,3.0,2.0,169.0,410000.0,Ariana,Ennasr,5.612783856719736
Villa,4.0,3.0,609.0,1150000.0,Ariana,Ennasr,6.060697840353612
Villa,3.0,1.0,417.0,130000.0,Ariana,Raoued,5.113943352306837
Villa,3.0,2.0,290.0,690000.0,Ariana,Autres villes,5.838849090737256
Villa,5.0,2.0,125.0,185000.0,Ariana,Autres villes,5.267171728403014
Villa,5.0,3.0,380.0,750000.0,Ariana,La Soukra,5.8750612633917
Apartment,2.0,2.0,124.0,284000.0,Ariana,Chotrana,5.453318340047038
Apartment,2.0,1.0,60.0,180000.0,Ariana,Ennasr,5.2552725051033065
Apartment,2.0,1.0,90.0,160000.0,Ariana,Borj Louzir,5.204119982655925
Apartment,1.0,1.0,58.0,109000.0,Ariana,Chotrana,5.037426497940624
Villa,4.0,3.0,500.0,1080000.0,Ariana,La Soukra,6.033423755486949
Villa,5.0,4.0,370.0,750000.0,Ariana,La Soukra,5.8750612633917
Villa,5.0,4.0,482.0,850000.0,Ariana,La Soukra,5.929418925714293
Apartment,3.0,1.0,160.0,350000.0,Ariana,Ennasr,5.544068044350276
Apartment,4.0,2.0,253.0,2400000.0,Ariana,Ennasr,6.380211241711606
Apartment,3.0,1.0,140.0,300000.0,Ariana,Ennasr,5.477121254719663
Apartment,3.0,2.0,200.0,550000.0,Ariana,La Soukra,5.740362689494244
Apartment,3.0,1.0,70.0,110000.0,Ariana,Borj Louzir,5.041392685158225
Apartment,4.0,1.0,170.0,2600000.0,Ariana,La Soukra,6.414973347970818
Apartment,3.0,1.0,150.0,320000.0,Ariana,Ennasr,5.505149978319906
Apartment,2.0,1.0,143.0,360000.0,Ariana,La Soukra,5.556302500767287
Apartment,3.0,1.0,121.0,167500.0,Ariana,La Soukra,5.224014811372864
Villa,5.0,3.0,637.0,900000.0,Ariana,La Soukra,5.954242509439325
Villa,8.0,2.0,240.0,380000.0,Ariana,Ghazela,5.57978359661681
Villa,4.0,2.0,320.0,265000.0,Ariana,Ghazela,5.423245873936808
Apartment,3.0,2.0,140.0,280000.0,Ariana,Jardins D'el Menzah,5.447158031342219
Apartment,3.0,2.0,170.0,430000.0,Ariana,Ennasr,5.633468455579586
Apartment,1.0,1.0,45.0,80000.0,Ariana,La Soukra,4.903089986991944
Villa,3.0,1.0,98.0,130000.0,Ariana,Ariana Ville,5.113943352306837
Apartment,3.0,1.0,98.0,130000.0,Ariana,Ariana,5.113943352306837
Apartment,4.0,2.0,165.0,310000.0,Ariana,Autres villes,5.491361693834273
Apartment,1.0,1.0,60.0,180000.0,Ariana,Ennasr,5.2552725051033065
Villa,3.0,1.0,200.0,170000.0,Ariana,Raoued,5.230448921378274
Villa,2.0,1.0,90.0,76000.0,Ariana,Raoued,4.880813592280791
Apartment,3.0,1.0,75.0,130000.0,Ariana,Borj Louzir,5.113943352306837
Apartment,3.0,1.0,121.0,167500.0,Ariana,La Soukra,5.224014811372864
Apartment,2.0,1.0,95.0,220000.0,Ariana,La Soukra,5.342422680822207
Villa,3.0,1.0,100.0,170000.0,Ariana,Borj Louzir,5.230448921378274
Villa,3.0,1.0,90.0,100000.0,Ariana,Borj Louzir,5.0
Apartment,2.0,1.0,126.0,330000.0,Ariana,Jardins D'el Menzah,5.518513939877887
Villa,4.0,1.0,200.0,170000.0,Ariana,Ariana,5.230448921378274
Apartment,2.0,1.0,100.0,223000.0,Ariana,La Soukra,5.348304863048161
Apartment,1.0,1.0,60.0,180000.0,Ariana,Autres villes,5.2552725051033065
Apartment,2.0,1.0,60.0,170000.0,Ariana,La Soukra,5.230448921378274
Villa,6.0,2.0,425.0,230000.0,Ariana,Raoued,5.361727836017593
Apartment,2.0,1.0,108.0,210000.0,Ariana,Borj Louzir,5.32221929473392
Villa,3.0,1.0,225.0,135000.0,Ariana,Chotrana,5.130333768495007
Apartment,2.0,1.0,170.0,330000.0,Ariana,Ennasr,5.518513939877887
Apartment,1.0,1.0,45.0,120000.0,Ariana,Ennasr,5.079181246047625
Apartment,3.0,1.0,140.0,275000.0,Ariana,Jardins D'el Menzah,5.439332693830263
Apartment,1.0,1.0,60.0,155000.0,Ariana,Ennasr,5.190331698170292
Apartment,3.0,1.0,117.0,270000.0,Ariana,La Soukra,5.431363764158987
Villa,1.0,1.0,150.0,28000.0,Ariana,Raoued,4.447158031342219
Villa,3.0,1.0,200.0,180000.0,Ariana,Ariana,5.2552725051033065
Apartment,2.0,1.0,80.0,195000.0,Ariana,Mnihla,5.290034611362518
Apartment,2.0,1.0,128.0,365000.0,Ariana,La Soukra,5.562292864456475
Villa,1.0,1.0,200.0,60000.0,Ariana,Raoued,4.778151250383644
Villa,6.0,3.0,311.0,900000.0,Ariana,La Soukra,5.954242509439325
Villa,2.0,1.0,110.0,120000.0,Ariana,Raoued,5.079181246047625
Villa,1.0,1.0,195.0,65000.0,Ariana,Chotrana,4.812913356642856
Villa,1.0,1.0,150.0,68000.0,Ariana,Chotrana,4.832508912706237
Villa,3.0,1.0,115.0,130000.0,Ariana,Borj Louzir,5.113943352306837
Apartment,1.0,1.0,60.0,170000.0,Ariana,Chotrana,5.230448921378274
Villa,3.0,1.0,330.0,180000.0,Ariana,Raoued,5.2552725051033065
Apartment,3.0,1.0,140.0,230000.0,Ariana,Jardins D'el Menzah,5.361727836017593
Villa,3.0,3.0,370.0,760000.0,Ariana,La Soukra,5.880813592280791
Apartment,2.0,1.0,80.0,119000.0,Ariana,Borj Louzir,5.075546961392531
Apartment,1.0,1.0,60.0,100000.0,Ariana,La Soukra,5.0
Villa,4.0,2.0,85.0,130000.0,Ariana,Autres villes,5.113943352306837
Villa,2.0,1.0,225.0,150000.0,Ariana,Autres villes,5.176091259055681
Villa,2.0,1.0,80.0,90000.0,Ariana,La Soukra,4.954242509439325
Apartment,4.0,2.0,200.0,420000.0,Ariana,Jardins D'el Menzah,5.623249290397901
Villa,3.0,1.0,100.0,85000.0,Ariana,Mnihla,4.929418925714293
Apartment,3.0,2.0,138.0,340000.0,Ariana,Jardins D'el Menzah,5.531478917042255
Villa,3.0,1.0,100.0,42000.0,Ariana,Raoued,4.623249290397901
Apartment,4.0,1.0,121.0,140000.0,Ariana,Ettadhamen,5.146128035678238
Apartment,4.0,3.0,260.0,840000.0,Ariana,La Soukra,5.924279286061882
Apartment,3.0,1.0,100.0,300000.0,Ariana,Ariana Ville,5.477121254719663
Apartment,2.0,1.0,74.0,180000.0,Ariana,Jardins D'el Menzah,5.2552725051033065
Apartment,3.0,1.0,75.0,110000.0,Ariana,Borj Louzir,5.041392685158225
Apartment,4.0,1.0,165.0,310000.0,Ariana,Ariana Ville,5.491361693834273
Apartment,1.0,1.0,68.0,195000.0,Ariana,Autres villes,5.290034611362518
Apartment,3.0,2.0,140.0,275000.0,Ariana,Ennasr,5.439332693830263
Villa,4.0,2.0,1200.0,750000.0,Ariana,Ariana,5.8750612633917
Apartment,2.0,1.0,80.0,173000.0,Ariana,Ennasr,5.238046103128795
Apartment,3.0,2.0,149.0,275000.0,Ariana,Autres villes,5.439332693830263
Villa,7.0,2.0,500.0,375000.0,Ariana,Raoued,5.574031267727719
Villa,3.0,4.0,400.0,800000.0,Ariana,La Soukra,5.903089986991944
Villa,5.0,4.0,407.0,1000000.0,Ariana,La Soukra,6.0
Villa,8.0,3.0,280.0,145000.0,Ariana,Ghazela,5.161368002234975
Villa,4.0,3.0,260.0,840000.0,Ariana,La Soukra,5.924279286061882
Villa,8.0,2.0,500.0,400000.0,Ariana,Ghazela,5.6020599913279625
Villa,4.0,1.0,200.0,185000.0,Ariana,Ghazela,5.267171728403014
Villa,1.0,1.0,244.0,88000.0,Ariana,Raoued,4.944482672150168
Villa,5.0,2.0,183.0,368000.0,Ariana,Autres villes,5.565847818673518
Villa,4.0,1.0,450.0,240000.0,Ariana,Borj Louzir,5.380211241711606
Villa,4.0,2.0,468.0,750000.0,Ariana,Ariana,5.8750612633917
Apartment,3.0,1.0,100.0,265000.0,Ariana,Ariana Ville,5.423245873936808
Villa,6.0,2.0,270.0,630000.0,Ariana,Jardins D'el Menzah,5.799340549453582
Villa,4.0,2.0,350.0,335000.0,Ariana,La Soukra,5.525044807036846
Apartment,2.0,1.0,120.0,270000.0,Ariana,Ennasr,5.431363764158987
Villa,3.0,2.0,226.0,550000.0,Ariana,Ennasr,5.740362689494244
Villa,2.0,1.0,150.0,120000.0,Ariana,Mnihla,5.079181246047625
Villa,3.0,3.0,1000.0,1700000.0,Ariana,La Soukra,6.230448921378274
Villa,4.0,2.0,450.0,1200000.0,Ariana,La Soukra,6.079181246047625
Apartment,3.0,1.0,152.0,260000.0,Ariana,Ariana,5.414973347970818
Apartment,1.0,1.0,67.0,160000.0,Ariana,Ghazela,5.204119982655925
Apartment,3.0,1.0,74.0,180000.0,Ariana,Jardins D'el Menzah,5.2552725051033065
Villa,3.0,2.0,207.0,600000.0,Ariana,Ennasr,5.778151250383644
Villa,4.0,1.0,516.0,850000.0,Ariana,Ariana,5.929418925714293
Villa,5.0,3.0,280.0,460000.0,Ariana,Borj Louzir,5.662757831681574
Villa,7.0,2.0,400.0,550000.0,Ariana,Ariana,5.740362689494244
Villa,6.0,2.0,267.0,220000.0,Ariana,Ettadhamen,5.342422680822207
Villa,2.0,1.0,150.0,170000.0,Ariana,Ghazela,5.230448921378274
Apartment,3.0,1.0,135.0,345000.0,Ariana,Ennasr,5.537819095073274
Apartment,2.0,2.0,125.0,312000.0,Ariana,La Soukra,5.494154594018442
Apartment,3.0,1.0,96.0,165000.0,Ariana,La Soukra,5.217483944213907
Apartment,2.0,1.0,91.0,185000.0,Ariana,Ariana,5.267171728403014
Apartment,1.0,1.0,63.0,175000.0,Ariana,La Soukra,5.243038048686294
Apartment,2.0,1.0,100.0,250000.0,Ariana,Ennasr,5.3979400086720375
Villa,5.0,1.0,350.0,310000.0,Ariana,Jardins D'el Menzah,5.491361693834273
Villa,4.0,1.0,202.0,260000.0,Ariana,Mnihla,5.414973347970818
Villa,4.0,1.0,100.0,95000.0,Ariana,Mnihla,4.977723605288848
Apartment,2.0,1.0,133.0,356000.0,Ariana,Ennasr,5.551449997972875
Apartment,2.0,1.0,81.0,260000.0,Ariana,Ennasr,5.414973347970818
Apartment,2.0,1.0,85.0,150000.0,Ariana,Ariana Ville,5.176091259055681
Apartment,3.0,1.0,112.0,185000.0,Ariana,Borj Louzir,5.267171728403014
Apartment,2.0,1.0,50.0,68000.0,Ariana,Borj Louzir,4.832508912706237
Apartment,3.0,1.0,100.0,270000.0,Ariana,La Soukra,5.431363764158987
Apartment,3.0,1.0,80.0,95000.0,Ariana,Autres villes,4.977723605288848
Apartment,3.0,1.0,250.0,950000.0,Ariana,La Soukra,5.977723605288848
Apartment,4.0,2.0,186.0,380000.0,Ariana,Ennasr,5.57978359661681
Villa,4.0,1.0,400.0,230000.0,Ariana,Borj Louzir,5.361727836017593
Villa,4.0,1.0,530.0,900000.0,Ariana,Ariana Ville,5.954242509439325
Villa,4.0,2.0,900.0,700000.0,Ariana,Autres villes,5.845098040014257
Apartment,2.0,1.0,70.0,170000.0,Ariana,La Soukra,5.230448921378274
Villa,3.0,1.0,157.0,95000.0,Ariana,Mnihla,4.977723605288848
Villa,4.0,1.0,190.0,135000.0,Ariana,Mnihla,5.130333768495007
Villa,6.0,2.0,360.0,400000.0,Ariana,Ariana Ville,5.6020599913279625
Villa,4.0,1.0,320.0,600000.0,Ariana,La Soukra,5.778151250383644
Villa,4.0,2.0,320.0,265000.0,Ariana,Ghazela,5.423245873936808
Apartment,2.0,2.0,124.0,229400.0,Ariana,Ghazela,5.360593413565248
Apartment,2.0,1.0,100.0,230000.0,Ariana,Jardins D'el Menzah,5.361727836017593
Apartment,3.0,2.0,160.0,270000.0,Ariana,La Soukra,5.431363764158987
Villa,3.0,1.0,150.0,120000.0,Ariana,Autres villes,5.079181246047625
Villa,4.0,1.0,200.0,140000.0,Ariana,Mnihla,5.146128035678238
Apartment,2.0,1.0,128.0,360000.0,Ariana,La Soukra,5.556302500767287
Apartment,2.0,1.0,131.0,181000.0,Ariana,La Soukra,5.2576785748691846
Apartment,2.0,1.0,144.0,430000.0,Ariana,La Soukra,5.633468455579586
Villa,5.0,1.0,250.0,520000.0,Ariana,La Soukra,5.7160033436348
Apartment,3.0,1.0,110.0,120000.0,Ariana,Ariana,5.079181246047625
Apartment,3.0,1.0,150.0,320000.0,Ariana,Ennasr,5.505149978319906
Villa,3.0,1.0,98.0,75000.0,Ariana,Raoued,4.8750612633917
Apartment,3.0,1.0,140.0,290000.0,Ariana,Ghazela,5.4623979978989565
Apartment,3.0,2.0,96.0,220000.0,Ariana,Ariana Ville,5.342422680822207
Villa,2.0,1.0,90.0,1111000.0,Ariana,Autres villes,6.045714058940868
Villa,6.0,2.0,320.0,690000.0,Ariana,Autres villes,5.838849090737256
Apartment,2.0,1.0,100.0,220000.0,Ariana,Ariana,5.342422680822207
Villa,3.0,1.0,400.0,280000.0,Ariana,Autres villes,5.447158031342219
Villa,4.0,1.0,140.0,120000.0,Ariana,Sidi Thabet,5.079181246047625
Villa,3.0,1.0,140.0,120000.0,Ariana,Raoued,5.079181246047625
Villa,6.0,2.0,250.0,230000.0,Ariana,Borj Louzir,5.361727836017593
Villa,2.0,1.0,103.0,115000.0,Ariana,Ghazela,5.060697840353612
Villa,2.0,1.0,440.0,270000.0,Ariana,Raoued,5.431363764158987
Apartment,1.0,1.0,70.0,195000.0,Ariana,La Soukra,5.290034611362518
Villa,6.0,2.0,300.0,210000.0,Ariana,Raoued,5.32221929473392
Villa,5.0,2.0,436.0,900000.0,Ariana,Ariana,5.954242509439325
Villa,5.0,1.0,550.0,1300000.0,Ariana,La Soukra,6.113943352306837
Villa,3.0,3.0,300.0,980000.0,Ariana,La Soukra,5.991226075692495
Apartment,2.0,2.0,116.0,310000.0,Ariana,Chotrana,5.491361693834273
Villa,4.0,2.0,380.0,770000.0,Ariana,La Soukra,5.886490725172482
Villa,5.0,3.0,900.0,1300000.0,Ariana,La Soukra,6.113943352306837
Villa,5.0,1.0,1000.0,420000.0,Ariana,Sidi Thabet,5.623249290397901
Villa,4.0,1.0,165.0,290000.0,Ariana,Autres villes,5.4623979978989565
Apartment,4.0,2.0,222.0,530000.0,Ariana,Ennasr,5.724275869600789
Apartment,3.0,2.0,170.0,415000.0,Ariana,Ennasr,5.6180480967120925
Apartment,3.0,2.0,200.0,530000.0,Ariana,Ennasr,5.724275869600789
Apartment,2.0,1.0,105.0,205000.0,Ariana,Ghazela,5.311753861055754
Apartment,3.0,2.0,112.0,260000.0,Ariana,Autres villes,5.414973347970818
Apartment,3.0,1.0,138.0,280000.0,Ariana,Autres villes,5.447158031342219
Apartment,3.0,2.0,170.0,375000.0,Ariana,Autres villes,5.574031267727719
Apartment,2.0,1.0,80.0,120000.0,Ariana,Autres villes,5.079181246047625
Apartment,2.0,1.0,106.0,240000.0,Ariana,La Soukra,5.380211241711606
Villa,4.0,2.0,130.0,125000.0,Ariana,Autres villes,5.096910013008056
Villa,2.0,1.0,200.0,270000.0,Ariana,Borj Louzir,5.431363764158987
Apartment,3.0,1.0,113.0,220000.0,Ariana,La Soukra,5.342422680822207
Apartment,1.0,1.0,31.0,95000.0,Ariana,Raoued,4.977723605288848
Villa,8.0,2.0,718.0,600000.0,Ariana,Mnihla,5.778151250383644
Apartment,2.0,1.0,94.0,130000.0,Ariana,Ghazela,5.113943352306837
Apartment,2.0,1.0,105.0,215000.0,Ariana,Ghazela,5.332438459915605
Villa,1.0,1.0,195.0,65000.0,Ariana,Chotrana,4.812913356642856
Villa,1.0,1.0,150.0,68000.0,Ariana,Chotrana,4.832508912706237
Villa,2.0,1.0,110.0,120000.0,Ariana,Raoued,5.079181246047625
Villa,1.0,1.0,200.0,60000.0,Ariana,Raoued,4.778151250383644
Apartment,3.0,1.0,100.0,107000.0,Ariana,Borj Louzir,5.02938377768521
Villa,3.0,1.0,100.0,58000.0,Ariana,Raoued,4.763427993562937
Apartment,3.0,2.0,153.0,230000.0,Ariana,Autres villes,5.361727836017593
Apartment,4.0,3.0,157.0,360000.0,Ariana,Ennasr,5.556302500767287
Villa,7.0,4.0,600.0,1890000.0,Ariana,Ennasr,6.276461804173244
Apartment,3.0,3.0,200.0,485000.0,Ariana,Ennasr,5.685741738602264
Apartment,3.0,2.0,150.0,395000.0,Ariana,Ennasr,5.596597095626461
Apartment,3.0,1.0,75.0,120000.0,Ariana,Autres villes,5.079181246047625
Apartment,3.0,2.0,205.0,350000.0,Ariana,Ghazela,5.544068044350276
Apartment,2.0,1.0,105.0,220000.0,Ariana,Ennasr,5.342422680822207
Apartment,2.0,2.0,205.0,350000.0,Ariana,Ghazela,5.544068044350276
Apartment,2.0,1.0,111.0,220000.0,Ariana,Ennasr,5.342422680822207
Apartment,2.0,1.0,63.0,175000.0,Ariana,Autres villes,5.243038048686294
Apartment,3.0,2.0,169.0,360000.0,Ariana,Ennasr,5.556302500767287
Villa,3.0,1.0,180.0,180000.0,Ariana,Raoued,5.2552725051033065
Villa,3.0,1.0,300.0,570000.0,Ariana,Autres villes,5.755874855672492
Apartment,3.0,2.0,130.0,245000.0,Ariana,Ariana,5.389166084364533
Apartment,3.0,2.0,135.0,335000.0,Ariana,Ariana Ville,5.525044807036846
Apartment,2.0,1.0,109.0,110000.0,Ariana,Autres villes,5.041392685158225
Villa,6.0,2.0,426.0,380000.0,Ariana,Ariana,5.57978359661681
Apartment,3.0,2.0,140.0,260000.0,Ariana,La Soukra,5.414973347970818
Villa,6.0,2.0,187.0,210000.0,Ariana,Raoued,5.32221929473392
Villa,4.0,1.0,450.0,220000.0,Ariana,Borj Louzir,5.342422680822207
Apartment,3.0,2.0,110.0,165000.0,Ariana,Autres villes,5.217483944213907
Apartment,4.0,1.0,78.0,155000.0,Ariana,Autres villes,5.190331698170292
Villa,6.0,2.0,130.0,210000.0,Ariana,Ariana,5.32221929473392
Apartment,3.0,1.0,170.0,405000.0,Ariana,La Soukra,5.607455023214668
Villa,4.0,2.0,1651.0,1550000.0,Ariana,La Soukra,6.190331698170292
Apartment,3.0,3.0,140.0,360000.0,Ariana,Autres villes,5.556302500767287
Apartment,3.0,1.0,76.0,115000.0,Ariana,La Soukra,5.060697840353612
Villa,4.0,1.0,300.0,210000.0,Ariana,Raoued,5.32221929473392
Apartment,2.0,1.0,75.0,98000.0,Ariana,Borj Louzir,4.991226075692495
Villa,3.0,2.0,500.0,950000.0,Ariana,Chotrana,5.977723605288848
Apartment,3.0,2.0,126.0,250000.0,Ariana,Autres villes,5.3979400086720375
Apartment,2.0,1.0,120.0,270000.0,Ariana,Ennasr,5.431363764158987
Villa,4.0,1.0,750.0,600000.0,Ariana,Mnihla,5.778151250383644
Apartment,2.0,1.0,75.0,120000.0,Ariana,Mnihla,5.079181246047625
Apartment,1.0,1.0,60.0,155000.0,Ariana,Ennasr,5.190331698170292
Villa,7.0,2.0,500.0,375000.0,Ariana,Raoued,5.574031267727719
Villa,1.0,1.0,138.0,80000.0,Ariana,Raoued,4.903089986991944
Villa,1.0,1.0,244.0,88000.0,Ariana,Raoued,4.944482672150168
Villa,4.0,1.0,200.0,185000.0,Ariana,Ghazela,5.267171728403014
Villa,3.0,1.0,90.0,70000.0,Ariana,Raoued,4.845098040014257
Apartment,3.0,1.0,135.0,345000.0,Ariana,Ennasr,5.537819095073274
Villa,4.0,2.0,170.0,380000.0,Ariana,La Soukra,5.57978359661681
Villa,3.0,1.0,125.0,140000.0,Ariana,Raoued,5.146128035678238
Villa,3.0,1.0,200.0,180000.0,Ariana,Ariana,5.2552725051033065
Apartment,3.0,1.0,154.0,320000.0,Ariana,La Soukra,5.505149978319906
Apartment,3.0,1.0,65.0,95000.0,Ariana,Ghazela,4.977723605288848
Apartment,2.0,1.0,130.0,320000.0,Ariana,La Soukra,5.505149978319906
Villa,8.0,3.0,280.0,145000.0,Ariana,Ghazela,5.161368002234975
Villa,5.0,2.0,1045.0,1800000.0,Ariana,Ariana Ville,6.2552725051033065
Apartment,3.0,3.0,153.0,350000.0,Ariana,Autres villes,5.544068044350276
Villa,4.0,1.0,450.0,250000.0,Ariana,Borj Louzir,5.3979400086720375
Villa,4.0,1.0,335.0,300000.0,Ariana,Autres villes,5.477121254719663
Apartment,4.0,1.0,100.0,280000.0,Ariana,Ennasr,5.447158031342219
Apartment,1.0,1.0,55.0,145000.0,Ariana,Jardins D'el Menzah,5.161368002234975
Villa,3.0,2.0,151.0,220000.0,Ariana,Raoued,5.342422680822207
Villa,3.0,3.0,206.0,550000.0,Ariana,Ennasr,5.740362689494244
Apartment,2.0,1.0,130.0,280000.0,Ariana,Jardins D'el Menzah,5.447158031342219
Villa,5.0,5.0,300.0,630000.0,Ariana,Jardins D'el Menzah,5.799340549453582
Villa,4.0,3.0,500.0,800000.0,Ariana,Ghazela,5.903089986991944
Villa,3.0,1.0,340.0,460000.0,Ariana,Ghazela,5.662757831681574
Villa,3.0,1.0,200.0,70000.0,Ariana,La Soukra,4.845098040014257
Apartment,4.0,3.0,300.0,390000.0,Ariana,Raoued,5.5910646070265
Villa,4.0,2.0,320.0,265000.0,Ariana,Ghazela,5.423245873936808
Villa,4.0,1.0,130.0,135000.0,Ariana,Ettadhamen,5.130333768495007
Apartment,2.0,2.0,121.0,328000.0,Ariana,La Soukra,5.515873843711679
Apartment,1.0,1.0,64.0,161000.0,Ariana,Ariana Ville,5.20682587603185
Villa,5.0,2.0,320.0,600000.0,Ariana,La Soukra,5.778151250383644
Villa,6.0,3.0,311.0,900000.0,Ariana,La Soukra,5.954242509439325
Villa,4.0,4.0,250.0,800000.0,Ariana,La Soukra,5.903089986991944
Apartment,2.0,2.0,132.0,300000.0,Ariana,La Soukra,5.477121254719663
Apartment,2.0,1.0,128.0,237000.0,Ariana,La Soukra,5.374748346010104
Villa,3.0,4.0,320.0,985000.0,Ariana,La Soukra,5.993436230497612
Apartment,2.0,2.0,135.0,328000.0,Ariana,La Soukra,5.515873843711679
Villa,2.0,1.0,100.0,140000.0,Ariana,Raoued,5.146128035678238
Apartment,2.0,2.0,146.0,350000.0,Ariana,Ennasr,5.544068044350276
Villa,4.0,2.0,500.0,400000.0,Ariana,Jardins D'el Menzah,5.6020599913279625
Apartment,3.0,2.0,131.0,370000.0,Ariana,Ennasr,5.568201724066995
Apartment,3.0,1.0,126.0,330000.0,Ariana,Jardins D'el Menzah,5.518513939877887
Villa,2.0,1.0,110.0,150000.0,Ariana,Raoued,5.176091259055681
Apartment,3.0,1.0,90.0,200000.0,Ariana,Mnihla,5.301029995663981
Apartment,2.0,1.0,80.0,125000.0,Ariana,Raoued,5.096910013008056
Apartment,2.0,1.0,75.0,1100000.0,Ariana,Autres villes,6.041392685158225
Apartment,3.0,2.0,190.0,260000.0,Ariana,Autres villes,5.414973347970818
Apartment,3.0,2.0,180.0,420000.0,Ariana,Autres villes,5.623249290397901
Apartment,3.0,1.0,139.0,245000.0,Ariana,La Soukra,5.389166084364533
Apartment,2.0,1.0,120.0,100000.0,Ariana,La Soukra,5.0
Villa,2.0,1.0,150.0,170000.0,Ariana,Ghazela,5.230448921378274
Apartment,3.0,1.0,128.0,240000.0,Ariana,La Soukra,5.380211241711606
Apartment,3.0,2.0,170.0,350000.0,Ariana,Autres villes,5.544068044350276
Apartment,1.0,1.0,45.0,145000.0,Ariana,Sidi Thabet,5.161368002234975
Apartment,1.0,1.0,68.0,170000.0,Ariana,Ennasr,5.230448921378274
Apartment,1.0,1.0,67.0,178000.0,Ariana,Ennasr,5.250420002308894
Apartment,4.0,3.0,167.0,370000.0,Ariana,Ennasr,5.568201724066995
Apartment,3.0,1.0,98.0,200000.0,Ariana,Borj Louzir,5.301029995663981
Apartment,2.0,2.0,116.0,160000.0,Ariana,Chotrana,5.204119982655925
Apartment,2.0,2.0,140.0,180000.0,Ariana,Borj Louzir,5.2552725051033065
Apartment,2.0,1.0,75.0,190000.0,Ariana,Ennasr,5.278753600952829
Apartment,3.0,3.0,191.0,529000.0,Ariana,La Soukra,5.723455672035186
Apartment,3.0,1.0,178.0,369510.0,Ariana,Ennasr,5.5676261961437055
Apartment,4.0,1.0,105.0,180000.0,Ariana,Borj Louzir,5.2552725051033065
Apartment,2.0,1.0,115.0,255000.0,Ariana,Ennasr,5.406540180433956
Villa,4.0,1.0,450.0,250000.0,Ariana,Borj Louzir,5.3979400086720375
Apartment,4.0,1.0,110.0,220000.0,Ariana,La Soukra,5.342422680822207
Villa,5.0,1.0,110.0,290000.0,Ariana,Jardins D'el Menzah,5.4623979978989565
Apartment,2.0,1.0,80.0,120000.0,Ariana,Borj Louzir,5.079181246047625
Apartment,3.0,2.0,112.0,260000.0,Ariana,Ennasr,5.414973347970818
Apartment,2.0,1.0,124.0,265000.0,Ariana,Jardins D'el Menzah,5.423245873936808
Apartment,3.0,2.0,122.0,280000.0,Ariana,La Soukra,5.447158031342219
Apartment,2.0,1.0,65.0,140000.0,Ariana,Ghazela,5.146128035678238
Apartment,4.0,3.0,163.0,360000.0,Ariana,Ennasr,5.556302500767287
Villa,3.0,2.0,460.0,520000.0,Ariana,Ghazela,5.7160033436348
Apartment,3.0,1.0,105.0,158000.0,Ariana,Borj Louzir,5.198657086954422
Villa,4.0,1.0,250.0,600000.0,Ariana,Chotrana,5.778151250383644
Villa,4.0,2.0,250.0,370000.0,Ariana,Ennasr,5.568201724066995
Villa,3.0,1.0,135.0,140000.0,Ariana,Autres villes,5.146128035678238
Apartment,4.0,2.0,307.0,1300000.0,Ariana,La Soukra,6.113943352306837
Villa,4.0,3.0,170.0,200000.0,Ariana,Mnihla,5.301029995663981
Apartment,3.0,1.0,90.0,160000.0,Ariana,Jardins D'el Menzah,5.204119982655925
Villa,4.0,2.0,550.0,400000.0,Ariana,Raoued,5.6020599913279625
Apartment,4.0,3.0,150.0,350000.0,Ariana,La Soukra,5.544068044350276
Villa,3.0,2.0,600.0,320000.0,Ariana,Chotrana,5.505149978319906
Villa,2.0,1.0,100.0,400000.0,Ariana,La Soukra,5.6020599913279625
Villa,10.0,3.0,800.0,1200000.0,Ariana,Autres villes,6.079181246047625
Villa,5.0,3.0,395.0,1027188.0,Ariana,La Soukra,6.011649937161476
Villa,3.0,1.0,139.0,300000.0,Ariana,Ghazela,5.477121254719663
Apartment,2.0,1.0,110.0,250000.0,Ariana,Ghazela,5.3979400086720375
Villa,3.0,1.0,200.0,260000.0,Ariana,Ariana Ville,5.414973347970818
Apartment,2.0,1.0,90.0,200000.0,Ariana,Ariana Ville,5.301029995663981
Apartment,2.0,2.0,110.0,220000.0,Ariana,Ariana,5.342422680822207
Apartment,2.0,1.0,128.0,237000.0,Ariana,La Soukra,5.374748346010104
Villa,6.0,5.0,520.0,1350000.0,Ariana,La Soukra,6.130333768495007
Villa,2.0,1.0,98.0,75000.0,Ariana,Raoued,4.8750612633917
Villa,3.0,2.0,370.0,470000.0,Ariana,Jardins D'el Menzah,5.672097857935717
Apartment,2.0,1.0,107.0,220000.0,Ariana,La Soukra,5.342422680822207
Villa,4.0,4.0,250.0,800000.0,Ariana,La Soukra,5.903089986991944
Apartment,2.0,2.0,132.0,300000.0,Ariana,La Soukra,5.477121254719663
Villa,3.0,4.0,320.0,985000.0,Ariana,La Soukra,5.993436230497612
Villa,6.0,2.0,300.0,480000.0,Ariana,Ghazela,5.681241237375588
Apartment,3.0,2.0,158.0,340000.0,Ariana,La Soukra,5.531478917042255
Apartment,4.0,3.0,174.0,500000.0,Ariana,La Soukra,5.698970004336019
Apartment,3.0,1.0,120.0,300000.0,Ariana,Ghazela,5.477121254719663
Apartment,2.0,2.0,122.0,268000.0,Ariana,La Soukra,5.4281347940287885
Apartment,3.0,1.0,100.0,230000.0,Ariana,Ennasr,5.361727836017593
Villa,4.0,2.0,277.0,580000.0,Ariana,Ennasr,5.763427993562937
Apartment,3.0,2.0,168.0,370000.0,Ariana,Autres villes,5.568201724066995
Villa,3.0,1.0,162.0,140000.0,Ariana,Ettadhamen,5.146128035678238
Villa,8.0,2.0,500.0,400000.0,Ariana,Ghazela,5.6020599913279625
Villa,4.0,1.0,300.0,175000.0,Ariana,Sidi Thabet,5.243038048686294
Villa,3.0,1.0,150.0,165000.0,Ariana,Raoued,5.217483944213907
Villa,2.0,1.0,103.0,115000.0,Ariana,Ghazela,5.060697840353612
Apartment,1.0,1.0,67.0,179000.0,Ariana,Ennasr,5.252853030979893
Apartment,3.0,3.0,156.0,335000.0,Ariana,Ennasr,5.525044807036846
Apartment,3.0,3.0,199.0,410000.0,Ariana,Ennasr,5.612783856719736
Villa,1.0,1.0,150.0,68000.0,Ariana,Chotrana,4.832508912706237
Villa,1.0,1.0,150.0,28000.0,Ariana,Raoued,4.447158031342219
Villa,8.0,3.0,280.0,1450000.0,Ariana,Ghazela,6.161368002234975
Apartment,3.0,1.0,65.0,95000.0,Ariana,Ghazela,4.977723605288848
Villa,4.0,2.0,320.0,265000.0,Ariana,Ghazela,5.423245873936808
Villa,6.0,2.0,130.0,225000.0,Ariana,Ariana,5.352182518111363
Apartment,2.0,1.0,76.0,115000.0,Ariana,Raoued,5.060697840353612
Apartment,3.0,2.0,188.0,760000.0,Ariana,Ennasr,5.880813592280791
Villa,2.0,1.0,110.0,120000.0,Ariana,Raoued,5.079181246047625
Apartment,3.0,1.0,70.0,110000.0,Ariana,Ariana,5.041392685158225
Apartment,2.0,1.0,100.0,215000.0,Ariana,La Soukra,5.332438459915605
Apartment,1.0,1.0,70.0,123000.0,Ariana,Ariana,5.089905111439398
Villa,3.0,2.0,1325.0,800000.0,Ariana,Ariana,5.903089986991944
Villa,7.0,4.0,600.0,1100000.0,Ariana,Chotrana,6.041392685158225
Apartment,1.0,1.0,55.0,125000.0,Ariana,Ghazela,5.096910013008056
Apartment,3.0,2.0,170.0,350000.0,Ariana,Ennasr,5.544068044350276
Apartment,3.0,2.0,147.0,270000.0,Ariana,Ariana Ville,5.431363764158987
Villa,4.0,1.0,100.0,165000.0,Ariana,La Soukra,5.217483944213907
Villa,6.0,2.0,570.0,980000.0,Ariana,Ennasr,5.991226075692495
Apartment,3.0,3.0,186.0,465000.0,Ariana,La Soukra,5.6674529528899535
Villa,5.0,3.0,257.0,380000.0,Ariana,Autres villes,5.57978359661681
Villa,4.0,4.0,400.0,690000.0,Ariana,La Soukra,5.838849090737256
Villa,5.0,2.0,200.0,350000.0,Ariana,Ariana,5.544068044350276
Apartment,3.0,1.0,180.0,320000.0,Ariana,Ennasr,5.505149978319906
Villa,6.0,2.0,1100.0,1650000.0,Ariana,La Soukra,6.217483944213907
Villa,3.0,1.0,90.0,70000.0,Ariana,Raoued,4.845098040014257
Villa,6.0,2.0,187.0,210000.0,Ariana,Raoued,5.32221929473392
Apartment,3.0,2.0,177.0,445000.0,Ariana,Autres villes,5.648360010980932
Apartment,2.0,1.0,75.0,110000.0,Ariana,Raoued,5.041392685158225
Apartment,4.0,2.0,180.0,430000.0,Ariana,Ghazela,5.633468455579586
Apartment,2.0,1.0,56.0,158000.0,Ariana,Jardins D'el Menzah,5.198657086954422
Apartment,3.0,2.0,138.0,340000.0,Ariana,Jardins D'el Menzah,5.531478917042255
Villa,3.0,1.0,350.0,490000.0,Ariana,Ghazela,5.690196080028514
Apartment,1.0,1.0,500.0,200000.0,Ariana,Chotrana,5.301029995663981
Apartment,3.0,1.0,120.0,240000.0,Ariana,La Soukra,5.380211241711606
Apartment,2.0,1.0,92.0,190000.0,Ariana,Ghazela,5.278753600952829
Villa,3.0,2.0,320.0,600000.0,Ariana,La Soukra,5.778151250383644
Apartment,4.0,2.0,175.0,300000.0,Ariana,Ennasr,5.477121254719663
Villa,4.0,2.0,216.0,390000.0,Ariana,Autres villes,5.5910646070265
Villa,4.0,1.0,490.0,1250000.0,Ariana,Ennasr,6.096910013008056
Villa,4.0,1.0,100.0,95000.0,Ariana,Mnihla,4.977723605288848
Apartment,3.0,1.0,147.0,350000.0,Ariana,Ennasr,5.544068044350276
Villa,4.0,1.0,456.0,425000.0,Ariana,Autres villes,5.628388930050312
Villa,3.0,2.0,180.0,350000.0,Ariana,Mnihla,5.544068044350276
Villa,5.0,5.0,510.0,1100000.0,Ariana,La Soukra,6.041392685158225
Apartment,3.0,1.0,126.0,255000.0,Ariana,Ariana,5.406540180433956
Apartment,4.0,1.0,116.0,165000.0,Ariana,Ariana Ville,5.217483944213907
Villa,5.0,3.0,496.0,760000.0,Ariana,La Soukra,5.880813592280791
Villa,4.0,1.0,200.0,290000.0,Ariana,Ghazela,5.4623979978989565
Apartment,1.0,1.0,75.0,190000.0,Ariana,Ennasr,5.278753600952829
Apartment,2.0,1.0,126.0,330000.0,Ariana,Jardins D'el Menzah,5.518513939877887
Villa,3.0,1.0,80.0,60000.0,Ariana,Raoued,4.778151250383644
Villa,3.0,1.0,225.0,135000.0,Ariana,Chotrana,5.130333768495007
Villa,1.0,1.0,200.0,60000.0,Ariana,Raoued,4.778151250383644
Villa,3.0,1.0,125.0,140000.0,Ariana,Raoued,5.146128035678238
Villa,1.0,1.0,195.0,65000.0,Ariana,Chotrana,4.812913356642856
Villa,1.0,1.0,244.0,88000.0,Ariana,Raoued,4.944482672150168
Apartment,2.0,1.0,65.0,180000.0,Ariana,Ennasr,5.2552725051033065
Apartment,2.0,1.0,104.0,205000.0,Ariana,Ennasr,5.311753861055754
Villa,4.0,3.0,480.0,840000.0,Ariana,La Soukra,5.924279286061882
Apartment,2.0,1.0,111.0,154000.0,Ariana,Chotrana,5.187520720836463
Apartment,2.0,2.0,131.0,181000.0,Ariana,Chotrana,5.2576785748691846
Villa,4.0,2.0,250.0,350000.0,Ariana,Autres villes,5.544068044350276
Villa,4.0,2.0,250.0,320000.0,Ariana,Autres villes,5.505149978319906
Apartment,3.0,1.0,190.0,340000.0,Ariana,La Soukra,5.531478917042255
Apartment,1.0,1.0,70.0,120000.0,Ariana,Ennasr,5.079181246047625
Apartment,3.0,2.0,162.0,356994.0,Ariana,Ennasr,5.552660916983933
Villa,6.0,3.0,520.0,950000.0,Ariana,Ennasr,5.977723605288848
Villa,3.0,2.0,210.0,480000.0,Ariana,Chotrana,5.681241237375588
Villa,4.0,2.0,120.0,230000.0,Ariana,Autres villes,5.361727836017593
Villa,5.0,2.0,400.0,630000.0,Ariana,Chotrana,5.799340549453582
Apartment,3.0,1.0,82.0,230000.0,Ariana,Jardins D'el Menzah,5.361727836017593
Apartment,3.0,2.0,148.0,420000.0,Ariana,La Soukra,5.623249290397901
Apartment,2.0,1.0,112.0,190000.0,Ariana,La Soukra,5.278753600952829
Villa,5.0,5.0,700.0,1250000.0,Ariana,La Soukra,6.096910013008056
Villa,6.0,2.0,123.0,160000.0,Ariana,Mnihla,5.204119982655925
Apartment,4.0,2.0,99.0,200000.0,Ariana,Borj Louzir,5.301029995663981
Villa,4.0,1.0,411.0,350000.0,Ariana,Chotrana,5.544068044350276
Villa,3.0,2.0,500.0,390000.0,Ariana,Borj Louzir,5.5910646070265
Apartment,3.0,2.0,500.0,390000.0,Ariana,Borj Louzir,5.5910646070265
Villa,10.0,2.0,580.0,1800000.0,Ariana,Autres villes,6.2552725051033065
Apartment,4.0,1.0,110.0,143000.0,Ariana,Ariana,5.155336037465061
Villa,3.0,2.0,227.0,440000.0,Ariana,Borj Louzir,5.643452676486188
Apartment,4.0,1.0,140.0,235000.0,Ariana,Jardins D'el Menzah,5.371067862271736
Villa,4.0,2.0,375.0,650000.0,Ariana,Ghazela,5.812913356642856
Villa,2.0,1.0,150.0,170000.0,Ariana,Ghazela,5.230448921378274
Villa,8.0,2.0,240.0,380000.0,Ariana,Ghazela,5.57978359661681
Villa,1.0,1.0,138.0,80000.0,Ariana,Raoued,4.903089986991944
Apartment,3.0,3.0,160.0,350000.0,Ariana,La Soukra,5.544068044350276
Villa,6.0,2.0,250.0,230000.0,Ariana,Borj Louzir,5.361727836017593
Villa,7.0,2.0,500.0,375000.0,Ariana,Raoued,5.574031267727719
Villa,5.0,1.0,1000.0,420000.0,Ariana,Sidi Thabet,5.623249290397901
Apartment,3.0,1.0,120.0,150000.0,Ariana,Mnihla,5.176091259055681
Villa,2.0,1.0,119.0,160000.0,Ariana,Mnihla,5.204119982655925
Apartment,3.0,1.0,100.0,150000.0,Ariana,Ariana,5.176091259055681
Villa,5.0,3.0,460.0,450000.0,Ariana,Ghazela,5.653212513775344
Apartment,3.0,3.0,135.0,300000.0,Ariana,Ennasr,5.477121254719663
Apartment,3.0,2.0,120.0,220000.0,Ariana,Ghazela,5.342422680822207
Apartment,2.0,2.0,124.0,200000.0,Ariana,Ghazela,5.301029995663981
Villa,4.0,3.0,180.0,750000.0,Ariana,Chotrana,5.8750612633917
Villa,1.0,1.0,800.0,1200000.0,Ariana,Ariana Ville,6.079181246047625
Apartment,2.0,2.0,129.0,360000.0,Ariana,La Soukra,5.556302500767287
Apartment,3.0,1.0,100.0,130000.0,Ariana,Borj Louzir,5.113943352306837
Apartment,2.0,1.0,88.0,205000.0,Ariana,Autres villes,5.311753861055754
Apartment,3.0,2.0,135.0,280000.0,Ariana,Ennasr,5.447158031342219
Villa,4.0,1.0,130.0,135000.0,Ariana,Ettadhamen,5.130333768495007
Villa,6.0,2.0,228.0,155000.0,Ariana,La Soukra,5.190331698170292
Villa,2.0,1.0,200.0,85000.0,Ariana,Autres villes,4.929418925714293
Apartment,3.0,2.0,151.0,335000.0,Ariana,Ennasr,5.525044807036846
Apartment,2.0,1.0,90.0,210000.0,Ariana,Ennasr,5.32221929473392
Apartment,3.0,1.0,122.0,185000.0,Ariana,La Soukra,5.267171728403014
Villa,4.0,2.0,500.0,870000.0,Ariana,Autres villes,5.939519252618618
Apartment,3.0,1.0,121.0,185000.0,Ariana,La Soukra,5.267171728403014
Apartment,3.0,1.0,111.0,300000.0,Ariana,Ennasr,5.477121254719663
Villa,6.0,5.0,1100.0,1650000.0,Ariana,La Soukra,6.217483944213907
Villa,3.0,1.0,320.0,600000.0,Ariana,La Soukra,5.778151250383644
Villa,4.0,2.0,170.0,220000.0,Ariana,Raoued,5.342422680822207
Apartment,3.0,1.0,150.0,390000.0,Ariana,La Soukra,5.5910646070265
Villa,6.0,4.0,360.0,680000.0,Ariana,Ghazela,5.832508912706237
Villa,5.0,5.0,300.0,630000.0,Ariana,Jardins D'el Menzah,5.799340549453582
Apartment,3.0,2.0,198.0,420000.0,Ariana,Ennasr,5.623249290397901
Apartment,4.0,3.0,174.0,511536.0,Ariana,Ennasr,5.708876203153131
Villa,4.0,2.0,688.0,550000.0,Ariana,La Soukra,5.740362689494244
Apartment,3.0,3.0,158.0,345000.0,Ariana,La Soukra,5.537819095073274
Apartment,2.0,2.0,125.0,259000.0,Ariana,Ennasr,5.413299764081252
Apartment,4.0,2.0,205.0,295000.0,Ariana,Ennasr,5.469822015978163
Apartment,2.0,2.0,117.0,259000.0,Ariana,Ennasr,5.413299764081252
Villa,6.0,2.0,170.0,85000.0,Ariana,Raoued,4.929418925714293
Apartment,2.0,1.0,125.0,190000.0,Ariana,Autres villes,5.278753600952829
Apartment,2.0,1.0,92.0,195000.0,Ariana,Ghazela,5.290034611362518
Apartment,1.0,1.0,60.0,120000.0,Ariana,La Soukra,5.079181246047625
Apartment,2.0,1.0,130.0,280000.0,Ariana,Jardins D'el Menzah,5.447158031342219
Villa,4.0,2.0,320.0,265000.0,Ariana,Ghazela,5.423245873936808
Apartment,2.0,2.0,90.0,125000.0,Ariana,Ghazela,5.096910013008056
Apartment,3.0,1.0,140.0,300000.0,Ariana,Ennasr,5.477121254719663
Apartment,3.0,3.0,201.0,565000.0,Ariana,Autres villes,5.752048447819439
Villa,3.0,1.0,260.0,600000.0,Ariana,Jardins D'el Menzah,5.778151250383644
Villa,6.0,3.0,463.0,960000.0,Ariana,Ghazela,5.982271233039568
Villa,6.0,3.0,500.0,900000.0,Ariana,Jardins D'el Menzah,5.954242509439325
Apartment,1.0,1.0,114.0,143000.0,Ariana,Ghazela,5.155336037465061
Villa,3.0,1.0,98.0,75000.0,Ariana,Raoued,4.8750612633917
Villa,5.0,2.0,400.0,630000.0,Ariana,Chotrana,5.799340549453582
Apartment,3.0,1.0,150.0,320000.0,Ariana,Ennasr,5.505149978319906
Villa,3.0,1.0,230.0,280000.0,Ariana,Autres villes,5.447158031342219
Apartment,3.0,3.0,162.0,416000.0,Ariana,La Soukra,5.619093330626742
Apartment,1.0,1.0,60.0,150000.0,Ariana,Ghazela,5.176091259055681
Villa,3.0,3.0,234.0,357000.0,Ariana,Chotrana,5.552668216112194
Apartment,1.0,1.0,58.0,109000.0,Ariana,Chotrana,5.037426497940624
Apartment,2.0,1.0,77.0,175000.0,Ariana,Autres villes,5.243038048686294
Apartment,3.0,2.0,156.0,285000.0,Ariana,Ennasr,5.45484486000851
Apartment,3.0,3.0,198.0,420000.0,Ariana,Ennasr,5.623249290397901
Apartment,3.0,1.0,109.0,180000.0,Ariana,Ghazela,5.2552725051033065
Villa,3.0,1.0,220.0,140000.0,Ariana,La Soukra,5.146128035678238
Apartment,3.0,1.0,80.0,130000.0,Ariana,La Soukra,5.113943352306837
Apartment,3.0,3.0,175.0,330000.0,Ariana,Chotrana,5.518513939877887
Villa,4.0,2.0,240.0,550000.0,Ariana,La Soukra,5.740362689494244
Apartment,3.0,1.0,124.0,250000.0,Ariana,La Soukra,5.3979400086720375
Apartment,4.0,2.0,180.0,310000.0,Ariana,La Soukra,5.491361693834273
Villa,3.0,2.0,177.0,240000.0,Ariana,Ariana,5.380211241711606
Apartment,2.0,1.0,111.0,170000.0,Ariana,Ariana,5.230448921378274
Villa,8.0,3.0,280.0,145000.0,Ariana,Raoued,5.161368002234975
Apartment,1.0,1.0,54.0,150000.0,Ariana,Ariana,5.176091259055681
Apartment,3.0,1.0,65.0,95000.0,Ariana,Ghazela,4.977723605288848
Villa,3.0,1.0,140.0,120000.0,Ariana,Raoued,5.079181246047625
Apartment,2.0,1.0,75.0,190000.0,Ariana,Ennasr,5.278753600952829
Apartment,1.0,1.0,60.0,100000.0,Ariana,La Soukra,5.0
Villa,6.0,2.0,130.0,225000.0,Ariana,Raoued,5.352182518111363
Villa,2.0,1.0,103.0,120000.0,Ariana,Ghazela,5.079181246047625
Villa,2.0,1.0,110.0,120000.0,Ariana,Raoued,5.079181246047625
Villa,3.0,1.0,150.0,165000.0,Ariana,Raoued,5.217483944213907
Villa,3.0,1.0,90.0,70000.0,Ariana,Raoued,4.845098040014257
Apartment,2.0,1.0,126.0,250000.0,Ariana,Ennasr,5.3979400086720375
Apartment,2.0,1.0,130.0,280000.0,Ariana,Jardins D'el Menzah,5.447158031342219
Villa,5.0,2.0,500.0,550000.0,Ariana,La Soukra,5.740362689494244
Villa,3.0,1.0,120.0,125000.0,Ariana,Raoued,5.096910013008056
Villa,4.0,1.0,200.0,175000.0,Ariana,Ghazela,5.243038048686294
Villa,5.0,1.0,280.0,450000.0,Ariana,La Soukra,5.653212513775344
Villa,4.0,2.0,110.0,290000.0,Ariana,Jardins D'el Menzah,5.4623979978989565
Apartment,3.0,2.0,134.0,355000.0,Ariana,Ennasr,5.550228353055094
Apartment,2.0,1.0,117.0,220000.0,Ariana,Ariana Ville,5.342422680822207
Apartment,2.0,2.0,138.0,358000.0,Ariana,Ennasr,5.553883026643875
Apartment,3.0,1.0,154.0,320000.0,Ariana,La Soukra,5.505149978319906
Apartment,4.0,1.0,150.0,375000.0,Ariana,Ariana,5.574031267727719
Apartment,1.0,1.0,60.0,100000.0,Ariana,La Soukra,5.0
Villa,3.0,1.0,220.0,500000.0,Ariana,Ariana,5.698970004336019
Villa,6.0,3.0,520.0,950000.0,Ariana,Ennasr,5.977723605288848
Apartment,1.0,1.0,48.0,150000.0,Ariana,Ennasr,5.176091259055681
Apartment,3.0,1.0,156.0,340000.0,Ariana,La Soukra,5.531478917042255
Apartment,2.0,1.0,72.0,81000.0,Ariana,Chotrana,4.9084850188786495
Villa,4.0,2.0,250.0,260000.0,Ariana,Raoued,5.414973347970818
Villa,3.0,1.0,420.0,380000.0,Ariana,Borj Louzir,5.57978359661681
Villa,5.0,2.0,130.0,290000.0,Ariana,Autres villes,5.4623979978989565
Apartment,3.0,1.0,143.0,180000.0,Ariana,Autres villes,5.2552725051033065
Villa,3.0,1.0,175.0,87000.0,Ariana,Chotrana,4.939519252618618
Apartment,2.0,1.0,109.0,175000.0,Ariana,Ghazela,5.243038048686294
Villa,9.0,3.0,630.0,1200000.0,Ariana,Autres villes,6.079181246047625
Apartment,4.0,1.0,147.0,260000.0,Ariana,Jardins D'el Menzah,5.414973347970818
Apartment,4.0,1.0,127.0,255000.0,Ariana,Ghazela,5.406540180433956
Villa,6.0,3.0,530.0,1300000.0,Ariana,Ennasr,6.113943352306837
Apartment,2.0,2.0,124.0,284000.0,Ariana,Chotrana,5.453318340047038
Villa,7.0,2.0,500.0,360000.0,Ariana,Raoued,5.556302500767287
Villa,3.0,2.0,177.0,240000.0,Ariana,Ghazela,5.380211241711606
Villa,3.0,2.0,170.0,135000.0,Ariana,La Soukra,5.130333768495007
Villa,5.0,4.0,580.0,880000.0,Ariana,La Soukra,5.944482672150168
Villa,4.0,3.0,600.0,1200000.0,Ariana,La Soukra,6.079181246047625
Villa,5.0,2.0,187.0,210000.0,Ariana,Raoued,5.32221929473392
Villa,3.0,1.0,120.0,235000.0,Ariana,Borj Louzir,5.371067862271736
Villa,5.0,5.0,650.0,1100000.0,Ariana,Chotrana,6.041392685158225
Apartment,4.0,1.0,147.0,257750.0,Ariana,Jardins D'el Menzah,5.411198673955554
Apartment,3.0,2.0,106.0,190000.0,Ariana,Ghazela,5.278753600952829
Apartment,2.0,2.0,94.0,145000.0,Ariana,Ghazela,5.161368002234975
Villa,6.0,4.0,350.0,630000.0,Ariana,Autres villes,5.799340549453582
Apartment,1.0,2.0,64.0,115000.0,Ariana,Ghazela,5.060697840353612
Apartment,2.0,1.0,80.0,120000.0,Ariana,Ariana Ville,5.079181246047625
Apartment,2.0,1.0,160.0,340000.0,Ariana,La Soukra,5.531478917042255
Villa,5.0,3.0,380.0,750000.0,Ariana,La Soukra,5.8750612633917
Villa,5.0,3.0,264.0,620000.0,Ariana,La Soukra,5.792391689498253
Villa,5.0,2.0,250.0,410000.0,Ariana,La Soukra,5.612783856719736
Villa,8.0,2.0,500.0,400000.0,Ariana,Ghazela,5.6020599913279625
Apartment,3.0,1.0,135.0,345000.0,Ariana,Ennasr,5.537819095073274
Villa,1.0,1.0,195.0,65000.0,Ariana,Chotrana,4.812913356642856
Villa,4.0,2.0,1325.0,800000.0,Ariana,Ariana,5.903089986991944
Villa,1.0,1.0,150.0,68000.0,Ariana,Chotrana,4.832508912706237
Villa,3.0,1.0,150.0,165000.0,Ariana,Raoued,5.217483944213907
Villa,1.0,1.0,244.0,88000.0,Ariana,Raoued,4.944482672150168
Villa,4.0,1.0,200.0,185000.0,Ariana,Ghazela,5.267171728403014
Villa,4.0,2.0,400.0,630000.0,Ariana,Chotrana,5.799340549453582
Apartment,3.0,2.0,116.0,235000.0,Ariana,Autres villes,5.371067862271736
Apartment,3.0,1.0,108.0,185000.0,Ariana,Ariana,5.267171728403014
Apartment,3.0,1.0,103.0,150000.0,Ariana,Ariana,5.176091259055681
Villa,3.0,1.0,300.0,105000.0,Ariana,Ariana,5.021189299069938
Villa,4.0,2.0,250.0,270000.0,Ariana,Autres villes,5.431363764158987
Apartment,4.0,1.0,145.0,288000.0,Ariana,Ennasr,5.459392487759231
Villa,7.0,2.0,202.0,250000.0,Ariana,Autres villes,5.3979400086720375
Apartment,3.0,1.0,120.0,215000.0,Ariana,Borj Louzir,5.332438459915605
Apartment,1.0,1.0,50.0,150000.0,Ariana,Ennasr,5.176091259055681
Apartment,2.0,1.0,105.0,199000.0,Ariana,Ghazela,5.298853076409706
Villa,4.0,2.0,225.0,210000.0,Ariana,Ariana,5.32221929473392
Apartment,2.0,1.0,70.0,205000.0,Ariana,Ennasr,5.311753861055754
Apartment,1.0,1.0,40.0,124000.0,Ariana,Ennasr,5.093421685162235
Apartment,2.0,1.0,126.0,250000.0,Ariana,Ennasr,5.3979400086720375
Villa,3.0,1.0,98.0,75000.0,Ariana,Raoued,4.8750612633917
Apartment,2.0,1.0,111.0,220000.0,Ariana,Ennasr,5.342422680822207
Apartment,1.0,1.0,50.0,150000.0,Ariana,Ennasr,5.176091259055681
Villa,3.0,1.0,305.0,200000.0,Ariana,Raoued,5.301029995663981
Apartment,2.0,2.0,112.0,235000.0,Ariana,La Soukra,5.371067862271736
Villa,3.0,1.0,170.0,115000.0,Ariana,Raoued,5.060697840353612
Apartment,3.0,2.0,146.0,320000.0,Ariana,Borj Louzir,5.505149978319906
Apartment,2.0,1.0,91.0,185000.0,Ariana,Ariana,5.267171728403014
Apartment,3.0,1.0,122.0,265000.0,Ariana,Autres villes,5.423245873936808
Apartment,2.0,1.0,126.0,250000.0,Ariana,Ennasr,5.3979400086720375
Apartment,3.0,1.0,120.0,120000.0,Ariana,Borj Louzir,5.079181246047625
Apartment,1.0,1.0,60.0,100000.0,Ariana,La Soukra,5.0
Apartment,3.0,2.0,156.0,350000.0,Ariana,La Soukra,5.544068044350276
Apartment,2.0,1.0,129.0,245000.0,Ariana,Ennasr,5.389166084364533
Apartment,2.0,1.0,130.0,280000.0,Ariana,Jardins D'el Menzah,5.447158031342219
Apartment,3.0,2.0,120.0,330000.0,Ariana,Ennasr,5.518513939877887
Villa,3.0,1.0,500.0,500000.0,Ariana,Raoued,5.698970004336019
Villa,4.0,2.0,650.0,1150000.0,Ariana,La Soukra,6.060697840353612
Villa,4.0,2.0,658.0,1200000.0,Ariana,Ennasr,6.079181246047625
Villa,4.0,2.0,432.0,750000.0,Ariana,Ghazela,5.8750612633917
Apartment,2.0,1.0,51.0,110000.0,Béja,Béja,5.041392685158225
Villa,7.0,3.0,127.0,220000.0,Béja,Béja Nord,5.342422680822207
Apartment,3.0,1.0,80.0,125000.0,Béja,Autres villes,5.096910013008056
Villa,3.0,1.0,200.0,80000.0,Béja,Testour,4.903089986991944
Villa,3.0,2.0,401.0,800000.0,Béja,Amdoun,5.903089986991944
Villa,5.0,2.0,122.0,160000.0,Béja,Autres villes,5.204119982655925
Villa,4.0,1.0,80.0,50000.0,Béja,Testour,4.698970004336019
Villa,7.0,3.0,480.0,500000.0,Béja,Autres villes,5.698970004336019
Villa,4.0,1.0,398.0,260000.0,Béja,Autres villes,5.414973347970818
Villa,10.0,2.0,520.0,150000.0,Béja,Autres villes,5.176091259055681
Villa,6.0,1.0,102.0,170000.0,Béja,Medjez el-Bab,5.230448921378274
Apartment,3.0,1.0,127.0,1900000.0,Ben arous,Medina Jedida,6.278753600952829
Apartment,4.0,1.0,117.0,121000.0,Ben arous,Fouchana,5.08278537031645
Apartment,2.0,1.0,55.0,95000.0,Ben arous,Mornag,4.977723605288848
Apartment,2.0,1.0,109.0,200000.0,Ben arous,Medina Jedida,5.301029995663981
Villa,2.0,1.0,100.0,130000.0,Ben arous,Mohamedia,5.113943352306837
Villa,3.0,1.0,100.0,110000.0,Ben arous,Mornag,5.041392685158225
Villa,7.0,4.0,380.0,775000.0,Ben arous,Autres villes,5.889301702506311
Villa,6.0,3.0,110.0,250000.0,Ben arous,Boumhel,5.3979400086720375
Villa,6.0,2.0,200.0,380000.0,Ben arous,Radès,5.57978359661681
Villa,2.0,1.0,109.0,50000.0,Ben arous,Mohamedia,4.698970004336019
Villa,8.0,2.0,279.0,325000.0,Ben arous,Fouchana,5.511883360978874
Villa,3.0,2.0,200.0,225000.0,Ben arous,Fouchana,5.352182518111363
Villa,4.0,2.0,180.0,230000.0,Ben arous,Fouchana,5.361727836017593
Apartment,3.0,1.0,93.0,135000.0,Ben arous,Autres villes,5.130333768495007
Villa,3.0,1.0,100.0,70000.0,Ben arous,Autres villes,4.845098040014257
Apartment,3.0,1.0,70.0,165000.0,Ben arous,Autres villes,5.217483944213907
Villa,10.0,6.0,500.0,770000.0,Ben arous,Boumhel,5.886490725172482
Apartment,4.0,1.0,103.0,100000.0,Ben arous,El Mourouj,5.0
Apartment,3.0,1.0,97.0,120000.0,Ben arous,Hammam Chott,5.079181246047625
Villa,3.0,2.0,150.0,125000.0,Ben arous,Boumhel,5.096910013008056
Apartment,3.0,1.0,110.0,153000.0,Ben arous,El Mourouj,5.184691430817598
Apartment,4.0,3.0,210.0,385000.0,Ben arous,Ezzahra,5.585460729508501
Villa,2.0,1.0,120.0,140000.0,Ben arous,Fouchana,5.146128035678238
Villa,3.0,1.0,460.0,550000.0,Ben arous,Ben arous,5.740362689494244
Apartment,2.0,1.0,64.0,85000.0,Ben arous,El Mourouj,4.929418925714293
Villa,3.0,2.0,350.0,150000.0,Ben arous,Ezzahra,5.176091259055681
Apartment,3.0,1.0,85.0,95000.0,Ben arous,El Mourouj,4.977723605288848
Apartment,3.0,1.0,106.0,170000.0,Ben arous,El Mourouj,5.230448921378274
Villa,3.0,2.0,150.0,330000.0,Ben arous,Boumhel,5.518513939877887
Villa,7.0,2.0,500.0,850000.0,Ben arous,Ben arous,5.929418925714293
Villa,4.0,1.0,90.0,138000.0,Ben arous,Mohamedia,5.139879086401237
Villa,3.0,1.0,110.0,138000.0,Ben arous,Boumhel,5.139879086401237
Villa,4.0,1.0,150.0,150000.0,Ben arous,Boumhel,5.176091259055681
Apartment,4.0,1.0,90.0,130000.0,Ben arous,El Mourouj,5.113943352306837
Villa,3.0,2.0,226.0,345000.0,Ben arous,El Mourouj,5.537819095073274
Apartment,2.0,1.0,110.0,165000.0,Ben arous,Boumhel,5.217483944213907
Apartment,4.0,1.0,102.0,180000.0,Ben arous,El Mourouj,5.2552725051033065
Apartment,3.0,1.0,85.0,115000.0,Ben arous,Hammam Lif,5.060697840353612
Apartment,4.0,2.0,125.0,130000.0,Ben arous,Boumhel,5.113943352306837
Apartment,2.0,1.0,65.0,75000.0,Ben arous,Hammam Lif,4.8750612633917
Apartment,2.0,1.0,75.0,105000.0,Ben arous,Boumhel,5.021189299069938
Apartment,3.0,1.0,110.0,123000.0,Ben arous,El Mourouj,5.089905111439398
Apartment,3.0,2.0,153.0,200000.0,Ben arous,Medina Jedida,5.301029995663981
Villa,7.0,2.0,100.0,110000.0,Ben arous,Boumhel,5.041392685158225
Villa,3.0,1.0,110.0,130000.0,Ben arous,Boumhel,5.113943352306837
Villa,2.0,2.0,520.0,790000.0,Ben arous,Mégrine,5.897627091290442
Apartment,2.0,1.0,96.0,188000.0,Ben arous,Hammam Lif,5.27415784926368
Villa,3.0,2.0,400.0,470000.0,Ben arous,Mégrine,5.672097857935717
Apartment,2.0,1.0,159.0,220000.0,Ben arous,Hammam Lif,5.342422680822207
Apartment,4.0,2.0,110.0,130000.0,Ben arous,El Mourouj,5.113943352306837
Apartment,3.0,1.0,75.0,65000.0,Ben arous,Ben arous,4.812913356642856
Villa,4.0,2.0,150.0,200000.0,Ben arous,Autres villes,5.301029995663981
Villa,4.0,2.0,1700.0,350000.0,Ben arous,Mornag,5.544068044350276
Apartment,3.0,2.0,110.0,110000.0,Ben arous,El Mourouj,5.041392685158225
Apartment,4.0,2.0,160.0,350000.0,Ben arous,Ezzahra,5.544068044350276
Apartment,2.0,1.0,104.0,155000.0,Ben arous,Mornag,5.190331698170292
Apartment,2.0,1.0,76.0,120000.0,Ben arous,Radès,5.079181246047625
Villa,2.0,2.0,267.0,260000.0,Ben arous,Hammam Lif,5.414973347970818
Villa,5.0,2.0,230.0,220000.0,Ben arous,El Mourouj,5.342422680822207
Villa,3.0,1.0,170.0,220000.0,Ben arous,Boumhel,5.342422680822207
Apartment,4.0,2.0,140.0,170000.0,Ben arous,El Mourouj,5.230448921378274
Villa,2.0,1.0,120.0,40000.0,Ben arous,Mornag,4.6020599913279625
Apartment,2.0,1.0,80.0,142500.0,Ben arous,Boumhel,5.153814864344529
Apartment,4.0,1.0,94.0,140000.0,Ben arous,El Mourouj,5.146128035678238
Villa,5.0,1.0,130.0,170000.0,Ben arous,El Mourouj,5.230448921378274
Apartment,2.0,1.0,75.0,85000.0,Ben arous,Autres villes,4.929418925714293
Apartment,3.0,1.0,110.0,123000.0,Ben arous,El Mourouj,5.089905111439398
Apartment,2.0,1.0,96.0,110000.0,Ben arous,Autres villes,5.041392685158225
Villa,3.0,1.0,240.0,170000.0,Ben arous,Mohamedia,5.230448921378274
Apartment,2.0,1.0,138.0,250000.0,Ben arous,Boumhel,5.3979400086720375
Villa,5.0,1.0,180.0,170000.0,Ben arous,Autres villes,5.230448921378274
Apartment,3.0,1.0,105.0,350000.0,Ben arous,Hammam Chott,5.544068044350276
Apartment,2.0,1.0,144.0,180000.0,Ben arous,Hammam Chott,5.2552725051033065
Villa,5.0,1.0,230.0,320000.0,Ben arous,Hammam Chott,5.505149978319906
Apartment,3.0,1.0,129.0,192000.0,Ben arous,Autres villes,5.283301228703549
Villa,3.0,1.0,370.0,395000.0,Ben arous,Boumhel,5.596597095626461
Apartment,4.0,1.0,140.0,165000.0,Ben arous,Ezzahra,5.217483944213907
Villa,2.0,1.0,110.0,298000.0,Ben arous,Hammam Chott,5.474216264076255
Apartment,4.0,1.0,150.0,165000.0,Ben arous,Ezzahra,5.217483944213907
Apartment,3.0,1.0,110.0,140000.0,Ben arous,Hammam Chott,5.146128035678238
Villa,3.0,1.0,360.0,400000.0,Ben arous,Boumhel,5.6020599913279625
Apartment,2.0,1.0,80.0,95000.0,Ben arous,Boumhel,4.977723605288848
Apartment,3.0,2.0,127.0,197300.0,Ben arous,El Mourouj,5.295127085252191
Apartment,2.0,1.0,80.0,134500.0,Ben arous,El Mourouj,5.128722284338426
Apartment,3.0,1.0,90.0,135000.0,Ben arous,Medina Jedida,5.130333768495007
Villa,8.0,3.0,350.0,350000.0,Ben arous,Medina Jedida,5.544068044350276
Villa,9.0,2.0,200.0,430000.0,Ben arous,Ezzahra,5.633468455579586
Villa,2.0,2.0,200.0,340000.0,Ben arous,Boumhel,5.531478917042255
Villa,3.0,1.0,399.0,380000.0,Ben arous,Ezzahra,5.57978359661681
Apartment,3.0,2.0,140.0,215000.0,Ben arous,Boumhel,5.332438459915605
Apartment,2.0,1.0,72.0,150000.0,Ben arous,Radès,5.176091259055681
Apartment,3.0,1.0,136.0,170000.0,Ben arous,Medina Jedida,5.230448921378274
Apartment,2.0,1.0,98.0,125000.0,Ben arous,Medina Jedida,5.096910013008056
Apartment,3.0,1.0,115.0,137000.0,Ben arous,Medina Jedida,5.136720567156407
Apartment,1.0,1.0,73.0,129000.0,Ben arous,Medina Jedida,5.110589710299249
Villa,2.0,1.0,390.0,299000.0,Ben arous,Radès,5.47567118832443
Apartment,2.0,1.0,105.0,190000.0,Ben arous,Radès,5.278753600952829
Villa,3.0,1.0,306.0,365000.0,Ben arous,Radès,5.562292864456475
Villa,2.0,1.0,200.0,240000.0,Ben arous,Radès,5.380211241711606
Apartment,3.0,2.0,150.0,359000.0,Ben arous,Mégrine,5.555094448578319
Apartment,3.0,1.0,122.0,228000.0,Ben arous,Mégrine,5.357934847000454
Apartment,3.0,1.0,136.0,195000.0,Ben arous,Ben arous,5.290034611362518
Apartment,3.0,1.0,136.0,195000.0,Ben arous,Ben arous,5.290034611362518
Villa,3.0,2.0,196.0,380000.0,Ben arous,Radès,5.57978359661681
Apartment,3.0,2.0,157.0,265000.0,Ben arous,Medina Jedida,5.423245873936808
Apartment,3.0,2.0,147.0,420000.0,Ben arous,Mégrine,5.623249290397901
Villa,8.0,2.0,300.0,800000.0,Ben arous,Mégrine,5.903089986991944
Villa,5.0,1.0,549.0,1050000.0,Ben arous,Radès,6.021189299069938
Apartment,3.0,1.0,178.0,249000.0,Ben arous,Medina Jedida,5.396199347095736
Villa,5.0,2.0,187.0,280000.0,Ben arous,Fouchana,5.447158031342219
Apartment,3.0,1.0,85.0,105000.0,Ben arous,Ezzahra,5.021189299069938
Villa,4.0,1.0,165.0,160000.0,Ben arous,Mohamedia,5.204119982655925
Villa,6.0,3.0,709.0,800000.0,Ben arous,Boumhel,5.903089986991944
Villa,4.0,2.0,191.0,240000.0,Ben arous,Fouchana,5.380211241711606
Villa,4.0,1.0,130.0,190000.0,Ben arous,El Mourouj,5.278753600952829
Apartment,3.0,1.0,100.0,170000.0,Ben arous,Radès,5.230448921378274
Villa,3.0,2.0,150.0,340000.0,Ben arous,Boumhel,5.531478917042255
Villa,3.0,1.0,180.0,300000.0,Ben arous,Boumhel,5.477121254719663
Apartment,2.0,1.0,90.0,195000.0,Ben arous,Boumhel,5.290034611362518
Villa,3.0,2.0,165.0,280000.0,Ben arous,Fouchana,5.447158031342219
Apartment,2.0,1.0,24.0,24000.0,Ben arous,Autres villes,4.380211241711606
Apartment,2.0,1.0,80.0,120000.0,Ben arous,Medina Jedida,5.079181246047625
Apartment,3.0,1.0,70.0,290000.0,Ben arous,Ben arous,5.4623979978989565
Apartment,2.0,1.0,100.0,160000.0,Ben arous,Ezzahra,5.204119982655925
Apartment,2.0,1.0,90.0,125000.0,Ben arous,Hammam Lif,5.096910013008056
Villa,6.0,3.0,230.0,220000.0,Ben arous,El Mourouj,5.342422680822207
Apartment,4.0,2.0,230.0,250000.0,Ben arous,Mornag,5.3979400086720375
Villa,3.0,1.0,145.0,120000.0,Ben arous,Mornag,5.079181246047625
Apartment,2.0,1.0,100.0,115000.0,Ben arous,Medina Jedida,5.060697840353612
Villa,2.0,1.0,718.0,720000.0,Ben arous,Hammam Chott,5.857332496431268
Apartment,4.0,2.0,175.0,1400000.0,Ben arous,Mornag,6.146128035678238
Apartment,2.0,1.0,80.0,107000.0,Ben arous,Radès,5.02938377768521
Apartment,3.0,2.0,214.0,2900000.0,Ben arous,Mégrine,6.4623979978989565
Apartment,2.0,1.0,90.0,145000.0,Ben arous,El Mourouj,5.161368002234975
Apartment,4.0,2.0,175.0,2600000.0,Ben arous,Mégrine,6.414973347970818
Villa,4.0,1.0,182.0,160000.0,Ben arous,Autres villes,5.204119982655925
Apartment,3.0,2.0,170.0,1650000.0,Ben arous,Medina Jedida,6.217483944213907
Villa,3.0,1.0,200.0,150000.0,Ben arous,Radès,5.176091259055681
Villa,6.0,2.0,484.0,600000.0,Ben arous,El Mourouj,5.778151250383644
Apartment,2.0,1.0,98.0,150000.0,Ben arous,Mornag,5.176091259055681
Villa,3.0,1.0,90.0,75000.0,Ben arous,Autres villes,4.8750612633917
Apartment,2.0,1.0,75.0,125000.0,Ben arous,El Mourouj,5.096910013008056
Villa,8.0,2.0,278.0,320000.0,Ben arous,Fouchana,5.505149978319906
Villa,3.0,2.0,199.0,220000.0,Ben arous,Fouchana,5.342422680822207
Apartment,2.0,1.0,85.0,120000.0,Ben arous,El Mourouj,5.079181246047625
Apartment,3.0,1.0,110.0,150000.0,Ben arous,El Mourouj,5.176091259055681
Apartment,2.0,1.0,80.0,110000.0,Ben arous,El Mourouj,5.041392685158225
Apartment,3.0,1.0,80.0,115000.0,Ben arous,Radès,5.060697840353612
Villa,4.0,1.0,115.0,85000.0,Ben arous,Autres villes,4.929418925714293
Apartment,4.0,1.0,90.0,11111.0,Ben arous,Radès,4.045753147594141
Apartment,4.0,2.0,200.0,300000.0,Ben arous,El Mourouj,5.477121254719663
Apartment,3.0,1.0,90.0,140000.0,Ben arous,Radès,5.146128035678238
Villa,2.0,1.0,70.0,55000.0,Ben arous,Fouchana,4.740362689494244
Villa,4.0,2.0,70.0,95000.0,Ben arous,Fouchana,4.977723605288848
Villa,3.0,1.0,860.0,250000.0,Ben arous,Autres villes,5.3979400086720375
Villa,3.0,1.0,91.0,130000.0,Ben arous,Ben arous,5.113943352306837
Apartment,3.0,1.0,140.0,168000.0,Ben arous,Ezzahra,5.225309281725863
Villa,3.0,2.0,280.0,380000.0,Ben arous,Ezzahra,5.57978359661681
Villa,3.0,2.0,150.0,370000.0,Ben arous,Boumhel,5.568201724066995
Villa,4.0,2.0,200.0,400000.0,Ben arous,El Mourouj,5.6020599913279625
Apartment,3.0,1.0,100.0,850000.0,Ben arous,El Mourouj,5.929418925714293
Apartment,3.0,1.0,85.0,165000.0,Ben arous,Radès,5.217483944213907
Villa,8.0,4.0,300.0,350000.0,Ben arous,Fouchana,5.544068044350276
Villa,4.0,1.0,130.0,130000.0,Ben arous,Fouchana,5.113943352306837
Villa,3.0,2.0,400.0,600000.0,Ben arous,El Mourouj,5.778151250383644
Villa,3.0,2.0,150.0,180000.0,Ben arous,Boumhel,5.2552725051033065
Villa,3.0,1.0,90.0,75000.0,Ben arous,Autres villes,4.8750612633917
Villa,7.0,2.0,215.0,480000.0,Ben arous,El Mourouj,5.681241237375588
Villa,6.0,2.0,250.0,150000.0,Ben arous,Mégrine,5.176091259055681
Villa,8.0,3.0,480.0,750000.0,Ben arous,El Mourouj,5.8750612633917
Villa,3.0,2.0,300.0,600000.0,Ben arous,Autres villes,5.778151250383644
Villa,7.0,3.0,120.0,200000.0,Ben arous,Autres villes,5.301029995663981
Apartment,4.0,2.0,105.0,120000.0,Ben arous,Autres villes,5.079181246047625
Apartment,4.0,1.0,85.0,130000.0,Ben arous,Autres villes,5.113943352306837
Villa,8.0,4.0,120.0,215000.0,Ben arous,Mohamedia,5.332438459915605
Villa,7.0,3.0,156.0,260000.0,Ben arous,Radès,5.414973347970818
Villa,3.0,1.0,247.0,330000.0,Ben arous,Mohamedia,5.518513939877887
Apartment,3.0,1.0,94.0,105000.0,Ben arous,El Mourouj,5.021189299069938
Apartment,2.0,1.0,113.0,169000.0,Ben arous,Boumhel,5.227886704613674
Apartment,3.0,1.0,120.0,98000.0,Ben arous,Ben arous,4.991226075692495
Apartment,2.0,1.0,100.0,99000.0,Ben arous,Mornag,4.99563519459755
Villa,4.0,2.0,463.0,400000.0,Ben arous,Hammam Chott,5.6020599913279625
Villa,3.0,1.0,371.0,360000.0,Ben arous,Hammam Chott,5.556302500767287
Apartment,2.0,1.0,95.0,129000.0,Ben arous,Hammam Chott,5.110589710299249
Apartment,2.0,1.0,90.0,120000.0,Ben arous,Radès,5.079181246047625
Villa,3.0,1.0,230.0,320000.0,Ben arous,Hammam Chott,5.505149978319906
Villa,4.0,3.0,457.0,650000.0,Ben arous,Hammam Chott,5.812913356642856
Apartment,2.0,1.0,108.0,169000.0,Ben arous,Boumhel,5.227886704613674
Villa,4.0,1.0,203.0,345000.0,Ben arous,Hammam Chott,5.537819095073274
Villa,1.0,1.0,459.0,255000.0,Ben arous,Hammam Chott,5.406540180433956
Villa,4.0,1.0,317.0,450000.0,Ben arous,Hammam Chott,5.653212513775344
Villa,4.0,2.0,580.0,635000.0,Ben arous,Boumhel,5.802773725291976
Apartment,1.0,1.0,63.0,100000.0,Ben arous,Hammam Chott,5.0
Villa,4.0,2.0,390.0,685000.0,Ben arous,Boumhel,5.835690571492425
Villa,6.0,2.0,350.0,550000.0,Ben arous,Autres villes,5.740362689494244
Villa,8.0,2.0,140.0,135000.0,Ben arous,El Mourouj,5.130333768495007
Villa,8.0,2.0,400.0,250000.0,Ben arous,Medina Jedida,5.3979400086720375
Villa,8.0,2.0,600.0,250000.0,Ben arous,El Mourouj,5.3979400086720375
Apartment,2.0,1.0,70.0,120000.0,Ben arous,El Mourouj,5.079181246047625
Villa,6.0,2.0,320.0,550000.0,Ben arous,Ezzahra,5.740362689494244
Villa,8.0,3.0,560.0,865000.0,Ben arous,Boumhel,5.937016107464814
Villa,8.0,4.0,518.0,520000.0,Ben arous,Hammam Chott,5.7160033436348
Apartment,3.0,1.0,130.0,229000.0,Ben arous,Boumhel,5.359835482339888
Apartment,2.0,1.0,75.0,105000.0,Ben arous,El Mourouj,5.021189299069938
Apartment,2.0,1.0,90.0,98000.0,Ben arous,Hammam Chott,4.991226075692495
Villa,7.0,2.0,75.0,110000.0,Ben arous,Boumhel,5.041392685158225
Villa,3.0,1.0,90.0,210000.0,Ben arous,Medina Jedida,5.32221929473392
Apartment,3.0,1.0,90.0,100000.0,Ben arous,Autres villes,5.0
Apartment,2.0,1.0,67.0,120000.0,Ben arous,Radès,5.079181246047625
Villa,6.0,2.0,409.0,760000.0,Ben arous,Hammam Chott,5.880813592280791
Apartment,1.0,1.0,120.0,27000.0,Ben arous,El Mourouj,4.431363764158987
Villa,3.0,2.0,430.0,460000.0,Ben arous,El Mourouj,5.662757831681574
Villa,3.0,1.0,115.0,175000.0,Ben arous,Hammam Chott,5.243038048686294
Apartment,3.0,1.0,145.0,249000.0,Ben arous,Boumhel,5.396199347095736
Villa,3.0,1.0,100.0,120000.0,Ben arous,Mohamedia,5.079181246047625
Apartment,3.0,1.0,103.0,200000.0,Ben arous,El Mourouj,5.301029995663981
Villa,3.0,1.0,117.0,125000.0,Ben arous,Autres villes,5.096910013008056
Villa,2.0,1.0,97.0,100000.0,Ben arous,El Mourouj,5.0
Villa,2.0,1.0,100.0,135000.0,Ben arous,El Mourouj,5.130333768495007
Apartment,2.0,1.0,60.0,85000.0,Ben arous,El Mourouj,4.929418925714293
Villa,2.0,2.0,506.0,590000.0,Ben arous,Mégrine,5.770852011642144
Villa,8.0,5.0,470.0,600000.0,Ben arous,Ben arous,5.778151250383644
Villa,4.0,2.0,522.0,820000.0,Ben arous,Mégrine,5.913813852383717
Villa,3.0,2.0,400.0,470000.0,Ben arous,Radès,5.672097857935717
Villa,5.0,3.0,441.0,600000.0,Ben arous,Radès,5.778151250383644
Villa,3.0,2.0,400.0,420000.0,Ben arous,Radès,5.623249290397901
Villa,4.0,2.0,400.0,540000.0,Ben arous,Radès,5.732393759822968
Villa,7.0,2.0,500.0,850000.0,Ben arous,Ben arous,5.929418925714293
Apartment,2.0,1.0,125.0,177000.0,Ben arous,Radès,5.247973266361806
Villa,4.0,2.0,230.0,250000.0,Ben arous,Mornag,5.3979400086720375
Apartment,2.0,1.0,75.0,85000.0,Ben arous,Hammam Lif,4.929418925714293
Villa,6.0,2.0,150.0,260000.0,Ben arous,Ben arous,5.414973347970818
Villa,3.0,1.0,166.0,330000.0,Ben arous,Boumhel,5.518513939877887
Villa,3.0,1.0,145.0,340000.0,Ben arous,Boumhel,5.531478917042255
Villa,8.0,1.0,1000.0,950000.0,Ben arous,Hammam Chott,5.977723605288848
Apartment,2.0,1.0,90.0,197000.0,Ben arous,Medina Jedida,5.294466226161593
Apartment,2.0,1.0,100.0,115000.0,Ben arous,Medina Jedida,5.060697840353612
Villa,4.0,1.0,100.0,180000.0,Ben arous,Hammam Lif,5.2552725051033065
Apartment,3.0,1.0,100.0,170000.0,Ben arous,Ezzahra,5.230448921378274
Apartment,3.0,1.0,115.0,145000.0,Ben arous,Ben arous,5.161368002234975
Apartment,3.0,1.0,110.0,195000.0,Ben arous,Ezzahra,5.290034611362518
Apartment,4.0,1.0,113.0,200000.0,Ben arous,Autres villes,5.301029995663981
Villa,4.0,1.0,200.0,275000.0,Ben arous,Medina Jedida,5.439332693830263
Villa,4.0,1.0,160.0,220000.0,Ben arous,Autres villes,5.342422680822207
Apartment,1.0,1.0,70.0,135000.0,Ben arous,Hammam Lif,5.130333768495007
Apartment,3.0,1.0,120.0,225000.0,Ben arous,Ezzahra,5.352182518111363
Villa,6.0,1.0,182.0,190000.0,Ben arous,Mohamedia,5.278753600952829
Villa,3.0,1.0,120.0,280000.0,Ben arous,Ben arous,5.447158031342219
Villa,2.0,1.0,150.0,50000.0,Ben arous,Fouchana,4.698970004336019
Villa,9.0,1.0,180.0,275000.0,Ben arous,El Mourouj,5.439332693830263
Apartment,2.0,1.0,95.0,110000.0,Ben arous,Radès,5.041392685158225
Apartment,3.0,2.0,155.0,395000.0,Ben arous,Mégrine,5.596597095626461
Apartment,3.0,2.0,140.0,270000.0,Ben arous,Medina Jedida,5.431363764158987
Apartment,2.0,1.0,110.0,190000.0,Ben arous,Hammam Lif,5.278753600952829
Apartment,3.0,1.0,110.0,250000.0,Ben arous,Medina Jedida,5.3979400086720375
Apartment,3.0,2.0,140.0,295000.0,Ben arous,Boumhel,5.469822015978163
Villa,5.0,1.0,346.0,450000.0,Ben arous,Mornag,5.653212513775344
Villa,9.0,2.0,100.0,155000.0,Ben arous,Mornag,5.190331698170292
Apartment,3.0,1.0,68.0,120000.0,Ben arous,Hammam Lif,5.079181246047625
Villa,3.0,1.0,120.0,295000.0,Ben arous,El Mourouj,5.469822015978163
Villa,3.0,2.0,160.0,250000.0,Ben arous,Ben arous,5.3979400086720375
Villa,4.0,2.0,190.0,350000.0,Ben arous,Boumhel,5.544068044350276
Apartment,2.0,1.0,92.0,120000.0,Ben arous,Fouchana,5.079181246047625
Apartment,2.0,1.0,83.0,120000.0,Ben arous,El Mourouj,5.079181246047625
Villa,8.0,3.0,480.0,280000.0,Ben arous,Autres villes,5.447158031342219
Apartment,3.0,2.0,130.0,199000.0,Ben arous,Hammam Lif,5.298853076409706
Apartment,2.0,1.0,92.0,105000.0,Ben arous,Boumhel,5.021189299069938
Apartment,2.0,1.0,75.0,90000.0,Ben arous,El Mourouj,4.954242509439325
Villa,10.0,3.0,400.0,750000.0,Ben arous,Radès,5.8750612633917
Villa,7.0,2.0,200.0,370000.0,Ben arous,El Mourouj,5.568201724066995
Apartment,3.0,2.0,83.0,110000.0,Ben arous,El Mourouj,5.041392685158225
Villa,5.0,2.0,126.0,340000.0,Ben arous,El Mourouj,5.531478917042255
Apartment,3.0,1.0,70.0,105000.0,Ben arous,Ben arous,5.021189299069938
Villa,4.0,1.0,500.0,295000.0,Ben arous,Boumhel,5.469822015978163
Apartment,3.0,2.0,120.0,210000.0,Ben arous,Ezzahra,5.32221929473392
Apartment,3.0,2.0,116.0,169000.0,Ben arous,Medina Jedida,5.227886704613674
Apartment,2.0,2.0,120.0,190000.0,Ben arous,Medina Jedida,5.278753600952829
Villa,7.0,3.0,350.0,300000.0,Ben arous,Autres villes,5.477121254719663
Villa,7.0,2.0,102.0,255000.0,Ben arous,El Mourouj,5.406540180433956
Villa,8.0,2.0,250.0,300000.0,Ben arous,Radès,5.477121254719663
Apartment,3.0,1.0,87.0,95000.0,Ben arous,Hammam Chott,4.977723605288848
Apartment,2.0,1.0,78.0,100000.0,Ben arous,Fouchana,5.0
Villa,2.0,1.0,110.0,250000.0,Ben arous,Hammam Lif,5.3979400086720375
Villa,3.0,2.0,420.0,550000.0,Ben arous,Autres villes,5.740362689494244
Villa,4.0,1.0,150.0,170000.0,Ben arous,Boumhel,5.230448921378274
Villa,7.0,2.0,140.0,280000.0,Ben arous,Autres villes,5.447158031342219
Apartment,3.0,2.0,100.0,120000.0,Ben arous,Medina Jedida,5.079181246047625
Villa,4.0,1.0,162.0,130000.0,Ben arous,Mornag,5.113943352306837
Villa,6.0,2.0,490.0,330000.0,Ben arous,Autres villes,5.518513939877887
Apartment,3.0,2.0,105.0,170000.0,Ben arous,Medina Jedida,5.230448921378274
Apartment,4.0,2.0,110.0,130000.0,Ben arous,El Mourouj,5.113943352306837
Apartment,4.0,1.0,115.0,145000.0,Ben arous,El Mourouj,5.161368002234975
Villa,4.0,1.0,115.0,85000.0,Ben arous,El Mourouj,4.929418925714293
Apartment,4.0,1.0,110.0,155000.0,Ben arous,El Mourouj,5.190331698170292
Villa,5.0,1.0,120.0,350000.0,Ben arous,Mégrine,5.544068044350276
Villa,7.0,2.0,600.0,520000.0,Ben arous,Autres villes,5.7160033436348
Villa,2.0,2.0,120.0,350000.0,Ben arous,Hammam Lif,5.544068044350276
Villa,9.0,2.0,1150.0,850000.0,Ben arous,Radès,5.929418925714293
Apartment,2.0,1.0,70.0,120000.0,Ben arous,El Mourouj,5.079181246047625
Villa,3.0,2.0,285.0,235000.0,Ben arous,Fouchana,5.371067862271736
Villa,6.0,2.0,150.0,150000.0,Ben arous,Autres villes,5.176091259055681
Apartment,3.0,1.0,110.0,150000.0,Ben arous,El Mourouj,5.176091259055681
Villa,5.0,3.0,330.0,550000.0,Ben arous,Autres villes,5.740362689494244
Apartment,4.0,2.0,130.0,220000.0,Ben arous,Autres villes,5.342422680822207
Villa,4.0,2.0,104.0,140000.0,Ben arous,Autres villes,5.146128035678238
Villa,9.0,3.0,250.0,340000.0,Ben arous,Ezzahra,5.531478917042255
Villa,3.0,2.0,233.0,390000.0,Ben arous,Autres villes,5.5910646070265
Villa,5.0,1.0,300.0,550000.0,Ben arous,Boumhel,5.740362689494244
Apartment,2.0,1.0,90.0,105000.0,Ben arous,Boumhel,5.021189299069938
Villa,5.0,3.0,497.0,735000.0,Ben arous,Ben arous,5.866287339084195
Villa,7.0,3.0,120.0,145000.0,Ben arous,Autres villes,5.161368002234975
Villa,3.0,2.0,142.0,170000.0,Ben arous,Mornag,5.230448921378274
Apartment,2.0,1.0,90.0,99000.0,Ben arous,Fouchana,4.99563519459755
Villa,6.0,1.0,216.0,310000.0,Ben arous,Hammam Chott,5.491361693834273
Villa,2.0,1.0,124.0,148000.0,Ben arous,Mohamedia,5.1702617153949575
Apartment,3.0,1.0,99.0,150000.0,Ben arous,Ben arous,5.176091259055681
Apartment,2.0,2.0,110.0,187000.0,Ben arous,Autres villes,5.271841606536499
Apartment,2.0,1.0,103.0,153000.0,Ben arous,Medina Jedida,5.184691430817598
Villa,3.0,2.0,140.0,340000.0,Ben arous,Boumhel,5.531478917042255
Villa,8.0,2.0,210.0,700000.0,Ben arous,Autres villes,5.845098040014257
Villa,4.0,1.0,461.0,450000.0,Ben arous,Autres villes,5.653212513775344
Villa,8.0,2.0,140.0,135000.0,Ben arous,El Mourouj,5.130333768495007
Villa,4.0,1.0,120.0,150000.0,Ben arous,Fouchana,5.176091259055681
Villa,4.0,1.0,100.0,145000.0,Ben arous,Radès,5.161368002234975
Villa,2.0,1.0,210.0,150000.0,Ben arous,Autres villes,5.176091259055681
Villa,4.0,2.0,100.0,280000.0,Ben arous,El Mourouj,5.447158031342219
Apartment,3.0,3.0,130.0,210000.0,Ben arous,Boumhel,5.32221929473392
Apartment,2.0,1.0,72.0,180000.0,Ben arous,Radès,5.2552725051033065
Apartment,3.0,1.0,100.0,165000.0,Ben arous,Radès,5.217483944213907
Apartment,3.0,1.0,87.0,108000.0,Ben arous,Fouchana,5.033423755486949
Villa,4.0,4.0,570.0,700000.0,Ben arous,Hammam Chott,5.845098040014257
Villa,4.0,1.0,180.0,320000.0,Ben arous,Boumhel,5.505149978319906
Villa,7.0,2.0,176.0,370000.0,Ben arous,El Mourouj,5.568201724066995
Apartment,1.0,1.0,70.0,110000.0,Ben arous,Autres villes,5.041392685158225
Apartment,2.0,2.0,116.0,160000.0,Ben arous,Autres villes,5.204119982655925
Apartment,2.0,2.0,108.0,148000.0,Ben arous,Autres villes,5.1702617153949575
Apartment,3.0,1.0,135.0,145000.0,Ben arous,Fouchana,5.161368002234975
Villa,2.0,1.0,100.0,430000.0,Ben arous,Ben arous,5.633468455579586
Villa,6.0,3.0,300.0,240000.0,Ben arous,El Mourouj,5.380211241711606
Apartment,2.0,1.0,116.0,201250.0,Ben arous,Medina Jedida,5.303735889039906
Apartment,2.0,1.0,111.0,195000.0,Ben arous,Medina Jedida,5.290034611362518
Villa,3.0,1.0,96.0,150000.0,Ben arous,Autres villes,5.176091259055681
Villa,7.0,2.0,402.0,380000.0,Ben arous,Hammam Chott,5.57978359661681
Apartment,4.0,2.0,157.0,245000.0,Ben arous,Autres villes,5.389166084364533
Apartment,3.0,2.0,115.0,214000.0,Ben arous,Medina Jedida,5.330413773349191
Apartment,3.0,1.0,81.0,145000.0,Ben arous,Radès,5.161368002234975
Villa,4.0,2.0,104.0,140000.0,Ben arous,Boumhel,5.146128035678238
Villa,4.0,2.0,637.0,820000.0,Ben arous,Medina Jedida,5.913813852383717
Villa,8.0,3.0,429.0,720000.0,Ben arous,Medina Jedida,5.857332496431268
Villa,4.0,2.0,280.0,300000.0,Ben arous,Boumhel,5.477121254719663
Villa,3.0,1.0,130.0,150000.0,Ben arous,Mohamedia,5.176091259055681
Villa,6.0,2.0,90.0,100000.0,Ben arous,Autres villes,5.0
Villa,2.0,1.0,100.0,280000.0,Ben arous,Mornag,5.447158031342219
Apartment,3.0,1.0,111.0,158000.0,Ben arous,Autres villes,5.198657086954422
Apartment,4.0,2.0,140.0,220000.0,Ben arous,Boumhel,5.342422680822207
Villa,3.0,3.0,200.0,380000.0,Ben arous,Radès,5.57978359661681
Apartment,3.0,1.0,105.0,155000.0,Ben arous,Medina Jedida,5.190331698170292
Villa,4.0,2.0,170.0,390000.0,Ben arous,Medina Jedida,5.5910646070265
Apartment,3.0,2.0,127.0,160000.0,Ben arous,Ezzahra,5.204119982655925
Villa,3.0,1.0,89.0,75000.0,Ben arous,Mohamedia,4.8750612633917
Apartment,3.0,1.0,100.0,150000.0,Ben arous,Autres villes,5.176091259055681
Villa,4.0,1.0,145.0,55000.0,Ben arous,Autres villes,4.740362689494244
Villa,3.0,2.0,180.0,320000.0,Bizerte,Bizerte Nord,5.505149978319906
Apartment,3.0,1.0,85.0,160000.0,Bizerte,Autres villes,5.204119982655925
Apartment,4.0,1.0,120.0,270000.0,Bizerte,Bizerte Nord,5.431363764158987
Villa,3.0,1.0,166.0,170000.0,Bizerte,Ras Jebel,5.230448921378274
Villa,5.0,1.0,112.0,155000.0,Bizerte,Mateur,5.190331698170292
Villa,5.0,1.0,85.0,120000.0,Bizerte,Bizerte Nord,5.079181246047625
Villa,2.0,2.0,90.0,120000.0,Bizerte,Ghar El Melh,5.079181246047625
Apartment,2.0,1.0,65.0,85000.0,Bizerte,Autres villes,4.929418925714293
Apartment,3.0,1.0,110.0,270000.0,Bizerte,Bizerte Nord,5.431363764158987
Villa,5.0,1.0,110.0,150000.0,Bizerte,Menzel Bourguiba,5.176091259055681
Apartment,4.0,1.0,80.0,160000.0,Bizerte,Autres villes,5.204119982655925
Villa,2.0,2.0,100.0,80000.0,Bizerte,Autres villes,4.903089986991944
Villa,3.0,1.0,500.0,220000.0,Bizerte,Ras Jebel,5.342422680822207
Villa,6.0,3.0,350.0,520000.0,Bizerte,Autres villes,5.7160033436348
Villa,2.0,1.0,140.0,115000.0,Bizerte,Bizerte Sud,5.060697840353612
Villa,5.0,2.0,428.0,249000.0,Bizerte,Autres villes,5.396199347095736
Villa,3.0,2.0,102.0,120000.0,Bizerte,Autres villes,5.079181246047625
Villa,5.0,2.0,728.0,470000.0,Bizerte,Autres villes,5.672097857935717
Villa,5.0,2.0,452.0,289000.0,Bizerte,Autres villes,5.460897842756548
Villa,5.0,2.0,240.0,184000.0,Bizerte,Autres villes,5.264817823009537
Villa,4.0,1.0,140.0,160000.0,Bizerte,Ghar El Melh,5.204119982655925
Villa,3.0,1.0,120.0,120000.0,Bizerte,Ghar El Melh,5.079181246047625
Villa,4.0,1.0,328.0,230000.0,Bizerte,Autres villes,5.361727836017593
Villa,5.0,3.0,140.0,150000.0,Bizerte,Zarzouna,5.176091259055681
Villa,4.0,1.0,140.0,160000.0,Bizerte,Bizerte,5.204119982655925
Villa,3.0,2.0,230.0,260000.0,Bizerte,Ghar El Melh,5.414973347970818
Apartment,3.0,1.0,120.0,130000.0,Bizerte,Bizerte Nord,5.113943352306837
Villa,6.0,3.0,240.0,260000.0,Bizerte,Ras Jebel,5.414973347970818
Apartment,3.0,1.0,140.0,230000.0,Bizerte,Autres villes,5.361727836017593
Apartment,2.0,1.0,100.0,215000.0,Bizerte,Bizerte Nord,5.332438459915605
Apartment,3.0,1.0,182.0,200000.0,Bizerte,Menzel Bourguiba,5.301029995663981
Villa,6.0,1.0,320.0,140000.0,Bizerte,Autres villes,5.146128035678238
Apartment,3.0,2.0,130.0,235000.0,Bizerte,Autres villes,5.371067862271736
Apartment,3.0,1.0,110.0,160000.0,Bizerte,Bizerte Nord,5.204119982655925
Villa,2.0,1.0,100.0,100000.0,Bizerte,Ghar El Melh,5.0
Apartment,4.0,1.0,125.0,145000.0,Bizerte,Bizerte Nord,5.161368002234975
Apartment,3.0,1.0,138.0,110000.0,Bizerte,Autres villes,5.041392685158225
Villa,3.0,2.0,290.0,650000.0,Bizerte,Bizerte,5.812913356642856
Villa,3.0,1.0,175.0,115000.0,Bizerte,Menzel Bourguiba,5.060697840353612
Apartment,2.0,1.0,100.0,230000.0,Bizerte,Bizerte Nord,5.361727836017593
Apartment,4.0,1.0,110.0,185000.0,Bizerte,Bizerte Nord,5.267171728403014
Villa,3.0,1.0,80.0,80000.0,Bizerte,Autres villes,4.903089986991944
Villa,2.0,1.0,100.0,90000.0,Bizerte,Autres villes,4.954242509439325
Villa,4.0,1.0,220.0,160000.0,Bizerte,Autres villes,5.204119982655925
Villa,6.0,2.0,420.0,420000.0,Bizerte,Autres villes,5.623249290397901
Villa,8.0,2.0,130.0,220000.0,Bizerte,Bizerte Nord,5.342422680822207
Villa,5.0,1.0,189.0,350000.0,Bizerte,Bizerte Nord,5.544068044350276
Villa,3.0,2.0,240.0,260000.0,Bizerte,Ras Jebel,5.414973347970818
Villa,4.0,1.0,400.0,240000.0,Bizerte,Ras Jebel,5.380211241711606
Villa,3.0,1.0,160.0,195000.0,Bizerte,Ras Jebel,5.290034611362518
Villa,5.0,3.0,140.0,150000.0,Bizerte,Zarzouna,5.176091259055681
Apartment,2.0,1.0,125.0,65000.0,Bizerte,Bizerte Nord,4.812913356642856
Villa,5.0,2.0,180.0,415000.0,Bizerte,Bizerte Nord,5.6180480967120925
Villa,3.0,1.0,170.0,190000.0,Bizerte,Ras Jebel,5.278753600952829
Villa,3.0,1.0,100.0,100000.0,Bizerte,Menzel Bourguiba,5.0
Villa,3.0,1.0,225.0,250000.0,Bizerte,Autres villes,5.3979400086720375
Villa,2.0,1.0,170.0,190000.0,Bizerte,Ras Jebel,5.278753600952829
Villa,4.0,1.0,110.0,162000.0,Bizerte,Bizerte Nord,5.209515014542631
Villa,10.0,4.0,254.0,310000.0,Bizerte,Bizerte Sud,5.491361693834273
Villa,2.0,1.0,100.0,85000.0,Bizerte,Mateur,4.929418925714293
Villa,3.0,2.0,170.0,240000.0,Bizerte,Ras Jebel,5.380211241711606
Villa,5.0,2.0,150.0,175000.0,Bizerte,Bizerte Nord,5.243038048686294
Villa,6.0,1.0,360.0,285000.0,Bizerte,Menzel Bourguiba,5.45484486000851
Villa,2.0,1.0,70.0,95000.0,Bizerte,Autres villes,4.977723605288848
Villa,2.0,1.0,205.0,200000.0,Bizerte,Bizerte Nord,5.301029995663981
Villa,6.0,2.0,222.0,250000.0,Bizerte,Autres villes,5.3979400086720375
Villa,3.0,2.0,130.0,180000.0,Bizerte,Autres villes,5.2552725051033065
Villa,3.0,2.0,175.0,170000.0,Bizerte,Autres villes,5.230448921378274
Villa,3.0,1.0,300.0,400000.0,Bizerte,Bizerte Nord,5.6020599913279625
Villa,1.0,1.0,200.0,65000.0,Bizerte,Bizerte,4.812913356642856
Apartment,2.0,1.0,110.0,170000.0,Bizerte,Bizerte Nord,5.230448921378274
Apartment,3.0,1.0,181.0,370000.0,Bizerte,Bizerte Nord,5.568201724066995
Villa,6.0,2.0,100.0,300000.0,Bizerte,Bizerte Nord,5.477121254719663
Apartment,3.0,1.0,93.0,95000.0,Bizerte,Ras Jebel,4.977723605288848
Villa,5.0,1.0,85.0,120000.0,Bizerte,Bizerte Nord,5.079181246047625
Apartment,2.0,1.0,70.0,60000.0,Bizerte,Ras Jebel,4.778151250383644
Villa,3.0,1.0,220.0,199000.0,Bizerte,Autres villes,5.298853076409706
Villa,6.0,1.0,555.0,550000.0,Bizerte,Autres villes,5.740362689494244
Villa,2.0,1.0,100.0,148000.0,Bizerte,Ras Jebel,5.1702617153949575
Apartment,3.0,1.0,75.0,91000.0,Bizerte,Menzel Bourguiba,4.959041392321094
Villa,3.0,1.0,140.0,80000.0,Bizerte,Menzel Bourguiba,4.903089986991944
Apartment,3.0,2.0,165.0,200000.0,Bizerte,Ras Jebel,5.301029995663981
Villa,2.0,1.0,450.0,220000.0,Bizerte,Autres villes,5.342422680822207
Villa,5.0,1.0,400.0,550000.0,Bizerte,Autres villes,5.740362689494244
Villa,4.0,2.0,230.0,250000.0,Bizerte,Ghar El Melh,5.3979400086720375
Villa,5.0,2.0,80.0,80000.0,Bizerte,Menzel Bourguiba,4.903089986991944
Villa,3.0,3.0,320.0,600000.0,Bizerte,Bizerte,5.778151250383644
Villa,2.0,1.0,150.0,160000.0,Bizerte,Ghar El Melh,5.204119982655925
Villa,3.0,1.0,80.0,85000.0,Bizerte,Autres villes,4.929418925714293
Villa,5.0,2.0,160.0,170000.0,Bizerte,Bizerte,5.230448921378274
Villa,6.0,2.0,420.0,600000.0,Bizerte,Bizerte,5.778151250383644
Apartment,3.0,1.0,118.0,200000.0,Bizerte,Autres villes,5.301029995663981
Villa,2.0,1.0,100.0,160000.0,Bizerte,Bizerte,5.204119982655925
Villa,4.0,2.0,172.0,170000.0,Bizerte,Bizerte Nord,5.230448921378274
Villa,6.0,1.0,320.0,145000.0,Bizerte,Autres villes,5.161368002234975
Apartment,2.0,1.0,80.0,140000.0,Bizerte,Bizerte Nord,5.146128035678238
Villa,3.0,1.0,300.0,230000.0,Bizerte,Autres villes,5.361727836017593
Villa,5.0,3.0,170.0,440000.0,Bizerte,Ras Jebel,5.643452676486188
Apartment,3.0,1.0,140.0,140000.0,Bizerte,Autres villes,5.146128035678238
Villa,3.0,1.0,150.0,120000.0,Bizerte,Menzel Bourguiba,5.079181246047625
Villa,7.0,3.0,270.0,520000.0,Bizerte,Bizerte,5.7160033436348
Villa,3.0,1.0,186.0,180000.0,Bizerte,Ras Jebel,5.2552725051033065
Apartment,3.0,1.0,119.0,130000.0,Bizerte,Bizerte,5.113943352306837
Villa,3.0,3.0,280.0,200000.0,Bizerte,Bizerte Nord,5.301029995663981
Villa,5.0,2.0,200.0,250000.0,Bizerte,Bizerte Nord,5.3979400086720375
Villa,2.0,1.0,75.0,90000.0,Bizerte,Bizerte Nord,4.954242509439325
Villa,2.0,1.0,90.0,90000.0,Bizerte,Bizerte Nord,4.954242509439325
Villa,3.0,2.0,200.0,720000.0,Bizerte,Autres villes,5.857332496431268
Villa,7.0,2.0,130.0,130000.0,Bizerte,Autres villes,5.113943352306837
Villa,6.0,3.0,330.0,550000.0,Bizerte,Autres villes,5.740362689494244
Apartment,3.0,1.0,100.0,210000.0,Bizerte,Bizerte Nord,5.32221929473392
Villa,5.0,1.0,130.0,60000.0,Gabès,Gabès Médina,4.778151250383644
Villa,4.0,1.0,259.0,175000.0,Gabès,Autres villes,5.243038048686294
Villa,3.0,1.0,220.0,120000.0,Gabès,Gabès Ouest,5.079181246047625
Villa,3.0,1.0,120.0,55000.0,Gabès,Gabès Ouest,4.740362689494244
Villa,3.0,1.0,270.0,260000.0,Gabès,Gabès Sud,5.414973347970818
Villa,3.0,1.0,170.0,11111.0,Gabès,Métouia,4.045753147594141
Villa,5.0,2.0,550.0,350000.0,Gabès,Gabès Sud,5.544068044350276
Villa,4.0,2.0,76.0,150000.0,Gabès,Gabès,5.176091259055681
Villa,5.0,1.0,300.0,430000.0,Gabès,Autres villes,5.633468455579586
Villa,6.0,2.0,670.0,550000.0,Gabès,Gabès Sud,5.740362689494244
Villa,3.0,1.0,150.0,170000.0,Gabès,Nouvelle Matmata,5.230448921378274
Villa,3.0,2.0,310.0,200000.0,Gabès,Autres villes,5.301029995663981
Villa,2.0,1.0,100.0,82000.0,Gabès,Autres villes,4.913813852383717
Villa,9.0,2.0,240.0,195000.0,Gabès,El Hamma,5.290034611362518
Villa,3.0,1.0,270.0,45000.0,Gabès,Gabès,4.653212513775344
Villa,6.0,2.0,78.0,130000.0,Gabès,Métouia,5.113943352306837
Villa,5.0,2.0,380.0,260000.0,Gabès,Gabès Sud,5.414973347970818
Villa,6.0,2.0,220.0,150000.0,Gabès,Métouia,5.176091259055681
Villa,6.0,2.0,200.0,130000.0,Gabès,Autres villes,5.113943352306837
Villa,2.0,1.0,100.0,75000.0,Gabès,Gabès,4.8750612633917
Villa,6.0,4.0,1270.0,970000.0,Gabès,Ghanouch,5.986771734266245
Villa,5.0,1.0,200.0,120000.0,Gabès,Gabès,5.079181246047625
Villa,4.0,2.0,220.0,300000.0,Gabès,Gabès Sud,5.477121254719663
Villa,2.0,1.0,122.0,150000.0,Gabès,Gabès Sud,5.176091259055681
Villa,8.0,4.0,200.0,230000.0,Gabès,Gabès,5.361727836017593
Apartment,1.0,1.0,60.0,62000.0,Gabès,Autres villes,4.792391689498253
Villa,3.0,2.0,105.0,180000.0,Gabès,Gabès Médina,5.2552725051033065
Villa,1.0,1.0,497.0,155000.0,Gabès,Autres villes,5.190331698170292
Villa,3.0,1.0,101.0,160000.0,Gabès,Gabès Sud,5.204119982655925
Villa,4.0,2.0,420.0,270000.0,Gabès,Autres villes,5.431363764158987
Villa,4.0,1.0,200.0,110000.0,Gabès,Autres villes,5.041392685158225
Apartment,2.0,1.0,96.0,140000.0,Gabès,Autres villes,5.146128035678238
Villa,6.0,3.0,105.0,145000.0,Gabès,Autres villes,5.161368002234975
Villa,2.0,1.0,140.0,120000.0,Gabès,Gabès,5.079181246047625
Villa,5.0,2.0,256.0,220000.0,Gafsa,Gafsa Sud,5.342422680822207
Villa,3.0,1.0,80.0,100000.0,Gafsa,Gafsa Sud,5.0
Apartment,3.0,1.0,130.0,140000.0,Gafsa,Autres villes,5.146128035678238
Villa,7.0,2.0,325.0,450000.0,Gafsa,Autres villes,5.653212513775344
Villa,6.0,3.0,250.0,18000.0,Gafsa,Oum El Araies,4.2552725051033065
Villa,2.0,1.0,230.0,140000.0,Gafsa,Autres villes,5.146128035678238
Villa,5.0,2.0,256.0,220000.0,Gafsa,Gafsa Sud,5.342422680822207
Villa,3.0,1.0,140.0,145000.0,Gafsa,Métlaoui,5.161368002234975
Apartment,2.0,2.0,90.0,150000.0,Gafsa,Gafsa Sud,5.176091259055681
Apartment,3.0,1.0,100.0,108000.0,Gafsa,Gafsa Sud,5.033423755486949
Villa,7.0,1.0,220.0,155000.0,Gafsa,Gafsa,5.190331698170292
Apartment,4.0,2.0,140.0,111000.0,Gafsa,Gafsa Nord,5.045322978786658
Villa,3.0,1.0,204.0,150000.0,Gafsa,Autres villes,5.176091259055681
Villa,2.0,1.0,140.0,53000.0,Gafsa,Gafsa Sud,4.724275869600789
Villa,3.0,1.0,130.0,49000.0,Gafsa,El Guettar,4.690196080028514
Villa,2.0,1.0,220.0,46000.0,Gafsa,Gafsa,4.662757831681574
Villa,7.0,1.0,500.0,35000.0,Gafsa,Oum El Araies,4.544068044350276
Villa,4.0,1.0,267.0,120000.0,Jendouba,Autres villes,5.079181246047625
Villa,2.0,1.0,130.0,170000.0,Jendouba,Jendouba,5.230448921378274
Villa,4.0,1.0,174.0,70000.0,Jendouba,Autres villes,4.845098040014257
Villa,6.0,1.0,110.0,150000.0,Jendouba,Bou Salem,5.176091259055681
Villa,9.0,3.0,130.0,270000.0,Jendouba,Bou Salem,5.431363764158987
Villa,2.0,1.0,160.0,50000.0,Jendouba,Tabarka,4.698970004336019
Villa,2.0,1.0,160.0,90000.0,Jendouba,Tabarka,4.954242509439325
Villa,3.0,1.0,250.0,170000.0,Jendouba,Autres villes,5.230448921378274
Apartment,2.0,1.0,56.0,60000.0,Jendouba,Tabarka,4.778151250383644
Villa,3.0,1.0,270.0,260000.0,Jendouba,Tabarka,5.414973347970818
Villa,5.0,2.0,500.0,80000.0,Jendouba,Autres villes,4.903089986991944
Villa,3.0,1.0,250.0,260000.0,Jendouba,Tabarka,5.414973347970818
Villa,9.0,2.0,140.0,270000.0,Jendouba,Bou Salem,5.431363764158987
Apartment,1.0,1.0,70.0,50000.0,Jendouba,Ain Draham,4.698970004336019
Villa,4.0,2.0,170.0,180000.0,Jendouba,Jendouba,5.2552725051033065
Villa,6.0,2.0,332.0,764000.0,Jendouba,Jendouba,5.88309335857569
Villa,5.0,4.0,900.0,240000.0,Jendouba,Autres villes,5.380211241711606
Villa,8.0,5.0,320.0,415000.0,Jendouba,Autres villes,5.6180480967120925
Villa,3.0,1.0,146.0,99000.0,Jendouba,Ain Draham,4.99563519459755
Villa,8.0,2.0,270.0,300000.0,Jendouba,Bou Salem,5.477121254719663
Villa,4.0,1.0,270.0,75000.0,Jendouba,Autres villes,4.8750612633917
Villa,3.0,1.0,450.0,65000.0,Jendouba,Tabarka,4.812913356642856
Villa,4.0,1.0,216.0,70000.0,Kairouan,Autres villes,4.845098040014257
Villa,5.0,1.0,205.0,120000.0,Kairouan,Kairouan Nord,5.079181246047625
Villa,4.0,1.0,330.0,400000.0,Kairouan,Kairouan Nord,5.6020599913279625
Villa,4.0,2.0,500.0,680000.0,Kairouan,Kairouan,5.832508912706237
Villa,2.0,1.0,300.0,390000.0,Kairouan,Kairouan Nord,5.5910646070265
Villa,4.0,2.0,500.0,680000.0,Kairouan,Kairouan,5.832508912706237
Apartment,3.0,1.0,120.0,150000.0,Kairouan,Autres villes,5.176091259055681
Villa,4.0,2.0,500.0,680000.0,Kairouan,Kairouan,5.832508912706237
Villa,5.0,2.0,567.0,475000.0,Kairouan,Kairouan,5.676693609624866
Villa,4.0,1.0,420.0,398000.0,Kairouan,Kairouan,5.599883072073688
Villa,3.0,1.0,150.0,65000.0,Kairouan,Autres villes,4.812913356642856
Villa,5.0,2.0,315.0,320000.0,Kairouan,Kairouan,5.505149978319906
Villa,6.0,2.0,404.0,530000.0,Kairouan,Autres villes,5.724275869600789
Villa,5.0,1.0,420.0,450000.0,Kairouan,Kairouan,5.653212513775344
Villa,3.0,1.0,255.0,250000.0,Kairouan,Autres villes,5.3979400086720375
Apartment,3.0,1.0,90.0,47000.0,Kairouan,Autres villes,4.672097857935717
Villa,3.0,1.0,330.0,330000.0,Kairouan,Kairouan Nord,5.518513939877887
Villa,6.0,2.0,520.0,420000.0,Kairouan,El Ouslatia,5.623249290397901
Villa,4.0,1.0,150.0,220000.0,Kairouan,Kairouan Nord,5.342422680822207
Villa,7.0,2.0,175.0,250000.0,Kairouan,Autres villes,5.3979400086720375
Villa,3.0,1.0,250.0,215000.0,Kairouan,Kairouan Sud,5.332438459915605
Villa,4.0,1.0,200.0,140000.0,Kairouan,Autres villes,5.146128035678238
Villa,6.0,2.0,260.0,300000.0,Kairouan,Autres villes,5.477121254719663
Apartment,3.0,1.0,90.0,47000.0,Kairouan,Kairouan Sud,4.672097857935717
Villa,8.0,3.0,250.0,250000.0,Kairouan,Autres villes,5.3979400086720375
Villa,4.0,1.0,150.0,95000.0,Kairouan,Kairouan Sud,4.977723605288848
Villa,5.0,1.0,205.0,120000.0,Kairouan,Autres villes,5.079181246047625
Villa,2.0,1.0,100.0,75000.0,Kairouan,Kairouan Nord,4.8750612633917
Villa,4.0,1.0,200.0,120000.0,Kasserine,Kasserine,5.079181246047625
Villa,9.0,2.0,320.0,220000.0,Kasserine,Sbiba,5.342422680822207
Villa,9.0,2.0,320.0,220000.0,Kasserine,Sbiba,5.342422680822207
Villa,4.0,2.0,387.0,155000.0,Kasserine,Autres villes,5.190331698170292
Villa,3.0,2.0,300.0,145000.0,Kasserine,Sbeïtla,5.161368002234975
Villa,5.0,2.0,250.0,198000.0,Kasserine,Kasserine,5.296665190261531
Villa,4.0,1.0,319.0,120000.0,Kasserine,Fériana,5.079181246047625
Villa,4.0,1.0,200.0,140000.0,Kasserine,Kasserine Nord,5.146128035678238
Villa,3.0,1.0,125.0,10000.0,Kasserine,Kasserine Nord,4.0
Villa,4.0,1.0,250.0,75000.0,Kasserine,Kasserine Sud,4.8750612633917
Villa,3.0,1.0,200.0,90000.0,Kasserine,Autres villes,4.954242509439325
Villa,5.0,1.0,600.0,220000.0,Kasserine,Kasserine,5.342422680822207
Villa,3.0,1.0,530.0,70000.0,Kasserine,Autres villes,4.845098040014257
Villa,4.0,1.0,200.0,200000.0,Kasserine,Kasserine Nord,5.301029995663981
Villa,5.0,2.0,480.0,400000.0,Kasserine,Autres villes,5.6020599913279625
Villa,5.0,2.0,181.0,195000.0,Kasserine,Sbeïtla,5.290034611362518
Villa,3.0,1.0,370.0,180000.0,Kasserine,Kasserine Nord,5.2552725051033065
Villa,3.0,1.0,230.0,125000.0,Kasserine,Kasserine,5.096910013008056
Apartment,3.0,1.0,90.0,69000.0,Kasserine,Kasserine Nord,4.838849090737256
Villa,3.0,1.0,530.0,150000.0,Kasserine,Autres villes,5.176091259055681
Apartment,4.0,1.0,96.0,158000.0,La manouba,Manouba Ville,5.198657086954422
Apartment,4.0,1.0,96.0,165000.0,La manouba,Manouba Ville,5.217483944213907
Apartment,3.0,1.0,109.0,164703.0,La manouba,Oued Ellil,5.21670150974401
Apartment,1.0,1.0,50.0,58000.0,La manouba,Denden,4.763427993562937
Villa,8.0,2.0,212.0,440000.0,La manouba,La manouba,5.643452676486188
Apartment,2.0,1.0,71.0,110000.0,La manouba,La manouba,5.041392685158225
Villa,4.0,1.0,160.0,230000.0,La manouba,La manouba,5.361727836017593
Apartment,3.0,1.0,125.0,180000.0,La manouba,La manouba,5.2552725051033065
Villa,4.0,1.0,180.0,450000.0,La manouba,La manouba,5.653212513775344
Apartment,2.0,1.0,119.0,245000.0,La manouba,La manouba,5.389166084364533
Apartment,3.0,1.0,85.0,80000.0,La manouba,La manouba,4.903089986991944
Apartment,3.0,1.0,156.0,235000.0,La manouba,La manouba,5.371067862271736
Apartment,3.0,1.0,102.0,130000.0,La manouba,La manouba,5.113943352306837
Villa,4.0,1.0,400.0,245000.0,La manouba,Borj El Amri,5.389166084364533
Villa,3.0,1.0,301.0,190000.0,La manouba,Mornaguia,5.278753600952829
Apartment,3.0,1.0,135.0,235000.0,La manouba,Autres villes,5.371067862271736
Apartment,3.0,2.0,162.0,400000.0,La manouba,La manouba,5.6020599913279625
Villa,4.0,2.0,150.0,245000.0,La manouba,Autres villes,5.389166084364533
Apartment,3.0,1.0,100.0,240000.0,La manouba,La manouba,5.380211241711606
Villa,4.0,2.0,120.0,260000.0,La manouba,Oued Ellil,5.414973347970818
Villa,4.0,1.0,130.0,75000.0,La manouba,Oued Ellil,4.8750612633917
Apartment,4.0,1.0,129.0,260000.0,La manouba,Denden,5.414973347970818
Villa,4.0,1.0,341.0,169999.0,La manouba,Oued Ellil,5.230446366697337
Apartment,4.0,2.0,102.0,110000.0,La manouba,Douar Hicher,5.041392685158225
Villa,8.0,2.0,274.0,440000.0,La manouba,Autres villes,5.643452676486188
Villa,3.0,1.0,500.0,350000.0,La manouba,Autres villes,5.544068044350276
Apartment,3.0,1.0,80.0,95000.0,La manouba,Autres villes,4.977723605288848
Villa,6.0,3.0,341.0,600000.0,La manouba,Autres villes,5.778151250383644
Villa,8.0,3.0,110.0,190000.0,La manouba,Autres villes,5.278753600952829
Villa,2.0,1.0,135.0,170000.0,La manouba,Autres villes,5.230448921378274
Villa,3.0,1.0,80.0,200000.0,La manouba,Denden,5.301029995663981
Villa,4.0,3.0,300.0,330000.0,La manouba,Autres villes,5.518513939877887
Apartment,2.0,1.0,110.0,210000.0,La manouba,Autres villes,5.32221929473392
Villa,3.0,2.0,450.0,350000.0,La manouba,Borj El Amri,5.544068044350276
Villa,2.0,1.0,216.0,600000.0,La manouba,La manouba,5.778151250383644
Villa,3.0,1.0,100.0,150000.0,La manouba,Autres villes,5.176091259055681
Villa,2.0,1.0,75.0,75000.0,La manouba,Mornaguia,4.8750612633917
Apartment,3.0,1.0,77.0,125000.0,La manouba,Denden,5.096910013008056
Villa,4.0,1.0,400.0,245000.0,La manouba,Borj El Amri,5.389166084364533
Villa,8.0,2.0,140.0,150000.0,La manouba,Autres villes,5.176091259055681
Villa,2.0,1.0,90.0,30000.0,La manouba,Tebourba,4.477121254719663
Apartment,3.0,1.0,85.0,120000.0,La manouba,Autres villes,5.079181246047625
Apartment,3.0,1.0,90.0,130000.0,La manouba,La manouba,5.113943352306837
Villa,2.0,1.0,220.0,450000.0,La manouba,Manouba Ville,5.653212513775344
Villa,6.0,1.0,112.0,170000.0,La manouba,Autres villes,5.230448921378274
Villa,5.0,1.0,382.0,555000.0,La manouba,Denden,5.744292983122676
Villa,4.0,1.0,150.0,235000.0,La manouba,Mornaguia,5.371067862271736
Apartment,2.0,1.0,55.0,110000.0,La manouba,La manouba,5.041392685158225
Apartment,1.0,1.0,75.0,105000.0,La manouba,Manouba Ville,5.021189299069938
Apartment,4.0,1.0,100.0,110000.0,La manouba,Douar Hicher,5.041392685158225
Apartment,3.0,1.0,90.0,105000.0,La manouba,Denden,5.021189299069938
Apartment,3.0,1.0,85.0,120000.0,La manouba,Manouba Ville,5.079181246047625
Apartment,4.0,3.0,164.0,330000.0,La manouba,Autres villes,5.518513939877887
Villa,3.0,1.0,127.0,165000.0,La manouba,Autres villes,5.217483944213907
Villa,2.0,2.0,130.0,80000.0,La manouba,Autres villes,4.903089986991944
Villa,4.0,1.0,90.0,100000.0,La manouba,Autres villes,5.0
Villa,3.0,1.0,258.0,180000.0,La manouba,Djedeida,5.2552725051033065
Villa,5.0,2.0,221.0,220000.0,La manouba,Oued Ellil,5.342422680822207
Villa,2.0,1.0,100.0,120000.0,La manouba,Mornaguia,5.079181246047625
Villa,3.0,2.0,150.0,100000.0,La manouba,La manouba,5.0
Villa,2.0,1.0,170.0,160000.0,La manouba,Mornaguia,5.204119982655925
Villa,3.0,1.0,70.0,95000.0,La manouba,Manouba Ville,4.977723605288848
Apartment,4.0,1.0,115.0,120000.0,La manouba,Denden,5.079181246047625
Apartment,3.0,1.0,99.0,75000.0,La manouba,Douar Hicher,4.8750612633917
Villa,4.0,1.0,160.0,80000.0,La manouba,La manouba,4.903089986991944
Villa,4.0,2.0,500.0,380000.0,La manouba,Mornaguia,5.57978359661681
Villa,4.0,1.0,380.0,150000.0,La manouba,Djedeida,5.176091259055681
Villa,4.0,1.0,101.0,100000.0,La manouba,Oued Ellil,5.0
Apartment,3.0,2.0,199.0,420000.0,La manouba,Manouba Ville,5.623249290397901
Apartment,4.0,1.0,130.0,250000.0,La manouba,Denden,5.3979400086720375
Villa,3.0,1.0,135.0,140000.0,La manouba,Oued Ellil,5.146128035678238
Villa,6.0,2.0,270.0,350000.0,La manouba,Manouba Ville,5.544068044350276
Apartment,4.0,1.0,120.0,250000.0,La manouba,Manouba Ville,5.3979400086720375
Villa,5.0,2.0,210.0,290000.0,La manouba,Manouba Ville,5.4623979978989565
Apartment,3.0,1.0,94.0,100000.0,La manouba,Douar Hicher,5.0
Villa,4.0,1.0,135.0,140000.0,La manouba,Oued Ellil,5.146128035678238
Apartment,2.0,2.0,100.0,20000.0,La manouba,Autres villes,4.301029995663981
Villa,2.0,1.0,110.0,110000.0,La manouba,Borj El Amri,5.041392685158225
Apartment,2.0,1.0,95.0,178000.0,La manouba,Manouba Ville,5.250420002308894
Villa,5.0,1.0,685.0,980000.0,La manouba,Manouba Ville,5.991226075692495
Villa,3.0,2.0,130.0,75000.0,La manouba,Oued Ellil,4.8750612633917
Villa,4.0,1.0,165.0,100000.0,La manouba,Djedeida,5.0
Villa,2.0,1.0,74.0,105000.0,La manouba,Autres villes,5.021189299069938
Villa,3.0,1.0,400.0,140000.0,La manouba,Mornaguia,5.146128035678238
Villa,3.0,1.0,100.0,40000.0,La manouba,Djedeida,4.6020599913279625
Apartment,2.0,1.0,53.0,70000.0,La manouba,Oued Ellil,4.845098040014257
Villa,4.0,1.0,170.0,90000.0,La manouba,Djedeida,4.954242509439325
Villa,4.0,2.0,208.0,180000.0,La manouba,Autres villes,5.2552725051033065
Apartment,2.0,1.0,110.0,165000.0,La manouba,Denden,5.217483944213907
Villa,4.0,2.0,400.0,130000.0,La manouba,Autres villes,5.113943352306837
Apartment,2.0,1.0,50.0,60000.0,La manouba,Denden,4.778151250383644
Villa,4.0,1.0,150.0,95000.0,La manouba,Autres villes,4.977723605288848
Villa,5.0,1.0,250.0,90000.0,La manouba,Oued Ellil,4.954242509439325
Apartment,2.0,1.0,80.0,136000.0,La manouba,La manouba,5.133538908370218
Villa,6.0,2.0,230.0,245000.0,La manouba,Autres villes,5.389166084364533
Villa,2.0,1.0,96.0,110000.0,La manouba,Autres villes,5.041392685158225
Villa,6.0,3.0,450.0,1200000.0,La manouba,Oued Ellil,6.079181246047625
Villa,4.0,2.0,140.0,11000.0,La manouba,Autres villes,4.041392685158225
Apartment,3.0,1.0,100.0,170000.0,La manouba,Autres villes,5.230448921378274
Villa,4.0,2.0,240.0,200000.0,La manouba,Autres villes,5.301029995663981
Villa,8.0,2.0,120.0,120000.0,La manouba,Autres villes,5.079181246047625
Apartment,3.0,1.0,250.0,250000.0,La manouba,La manouba,5.3979400086720375
Villa,2.0,1.0,157.0,160000.0,La manouba,Mornaguia,5.204119982655925
Villa,6.0,3.0,520.0,380000.0,La manouba,Djedeida,5.57978359661681
Apartment,3.0,1.0,74.0,300000.0,La manouba,Oued Ellil,5.477121254719663
Villa,4.0,1.0,222.0,290000.0,La manouba,Autres villes,5.4623979978989565
Villa,2.0,1.0,120.0,111111.0,La manouba,Djedeida,5.045757056265976
Apartment,4.0,1.0,90.0,155000.0,La manouba,Denden,5.190331698170292
Villa,4.0,1.0,380.0,150000.0,La manouba,Djedeida,5.176091259055681
Apartment,1.0,1.0,50.0,58000.0,La manouba,Denden,4.763427993562937
Villa,4.0,1.0,393.0,400000.0,La manouba,La manouba,5.6020599913279625
Villa,5.0,2.0,338.0,340000.0,La manouba,Denden,5.531478917042255
Villa,4.0,1.0,170.0,220000.0,La manouba,La manouba,5.342422680822207
Villa,4.0,1.0,500.0,180000.0,La manouba,Oued Ellil,5.2552725051033065
Villa,5.0,1.0,410.0,420000.0,La manouba,Denden,5.623249290397901
Apartment,3.0,1.0,86.0,90000.0,La manouba,Douar Hicher,4.954242509439325
Villa,3.0,1.0,440.0,270000.0,La manouba,Oued Ellil,5.431363764158987
Apartment,3.0,1.0,113.0,200000.0,La manouba,Autres villes,5.301029995663981
Villa,3.0,1.0,350.0,190000.0,La manouba,Mornaguia,5.278753600952829
Villa,3.0,1.0,175.0,190000.0,La manouba,Oued Ellil,5.278753600952829
Apartment,3.0,1.0,100.0,90000.0,La manouba,Douar Hicher,4.954242509439325
Villa,3.0,1.0,130.0,120000.0,La manouba,Oued Ellil,5.079181246047625
Villa,3.0,2.0,124.0,160000.0,La manouba,Douar Hicher,5.204119982655925
Villa,4.0,1.0,200.0,295000.0,La manouba,La manouba,5.469822015978163
Villa,6.0,2.0,111.0,200000.0,La manouba,Autres villes,5.301029995663981
Villa,6.0,2.0,140.0,350000.0,La manouba,Autres villes,5.544068044350276
Villa,7.0,3.0,450.0,670000.0,La manouba,La manouba,5.826074802700826
Villa,4.0,1.0,506.0,240000.0,La manouba,Tebourba,5.380211241711606
Villa,4.0,1.0,170.0,370000.0,La manouba,Denden,5.568201724066995
Villa,3.0,1.0,130.0,170000.0,La manouba,Oued Ellil,5.230448921378274
Villa,4.0,2.0,400.0,190000.0,La manouba,Djedeida,5.278753600952829
Villa,3.0,1.0,100.0,120000.0,La manouba,Mornaguia,5.079181246047625
Apartment,3.0,1.0,90.0,120000.0,La manouba,La manouba,5.079181246047625
Apartment,4.0,2.0,112.0,188000.0,La manouba,Denden,5.27415784926368
Villa,4.0,1.0,200.0,330000.0,La manouba,Manouba Ville,5.518513939877887
Villa,4.0,2.0,200.0,90000.0,La manouba,Oued Ellil,4.954242509439325
Villa,5.0,2.0,400.0,520000.0,La manouba,La manouba,5.7160033436348
Villa,2.0,1.0,220.0,240000.0,La manouba,Denden,5.380211241711606
Villa,3.0,2.0,275.0,147000.0,La manouba,Oued Ellil,5.167317334748176
Villa,5.0,2.0,400.0,540000.0,La manouba,La manouba,5.732393759822968
Apartment,4.0,1.0,120.0,160000.0,La manouba,Denden,5.204119982655925
Villa,4.0,2.0,100.0,165000.0,La manouba,Oued Ellil,5.217483944213907
Apartment,4.0,1.0,123.0,225000.0,La manouba,Autres villes,5.352182518111363
Apartment,2.0,1.0,90.0,160000.0,La manouba,Autres villes,5.204119982655925
Villa,2.0,1.0,85.0,80000.0,La manouba,Autres villes,4.903089986991944
Villa,6.0,3.0,150.0,350000.0,La manouba,Autres villes,5.544068044350276
Villa,3.0,1.0,768.0,150000.0,La manouba,Mornaguia,5.176091259055681
Villa,6.0,2.0,550.0,800000.0,La manouba,Autres villes,5.903089986991944
Apartment,3.0,1.0,180.0,130000.0,La manouba,Autres villes,5.113943352306837
Apartment,3.0,1.0,100.0,220000.0,La manouba,Manouba Ville,5.342422680822207
Villa,10.0,2.0,850.0,585000.0,La manouba,Denden,5.76715586608218
Apartment,3.0,1.0,98.0,132000.0,La manouba,Manouba Ville,5.12057393120585
Apartment,3.0,1.0,110.0,210000.0,La manouba,Autres villes,5.32221929473392
Villa,3.0,1.0,180.0,150000.0,La manouba,Tebourba,5.176091259055681
Apartment,3.0,1.0,100.0,125000.0,La manouba,Denden,5.096910013008056
Villa,5.0,2.0,144.0,245000.0,La manouba,Autres villes,5.389166084364533
Villa,4.0,2.0,300.0,145000.0,La manouba,Douar Hicher,5.161368002234975
Apartment,2.0,1.0,96.0,183350.0,La manouba,La manouba,5.2632809142966215
Villa,2.0,1.0,230.0,240000.0,La manouba,Denden,5.380211241711606
Villa,5.0,2.0,150.0,130000.0,La manouba,Oued Ellil,5.113943352306837
Villa,2.0,1.0,110.0,50000.0,La manouba,Tebourba,4.698970004336019
Apartment,3.0,2.0,120.0,230000.0,La manouba,Autres villes,5.361727836017593
Apartment,3.0,1.0,120.0,250000.0,La manouba,Autres villes,5.3979400086720375
Villa,3.0,1.0,75.0,130000.0,La manouba,Oued Ellil,5.113943352306837
Villa,4.0,1.0,130.0,165000.0,La manouba,Oued Ellil,5.217483944213907
Apartment,4.0,2.0,132.0,198000.0,La manouba,Manouba Ville,5.296665190261531
Apartment,2.0,1.0,96.0,143000.0,La manouba,La manouba,5.155336037465061
Apartment,3.0,1.0,80.0,115000.0,La manouba,Manouba Ville,5.060697840353612
Apartment,3.0,1.0,75.0,160000.0,La manouba,Autres villes,5.204119982655925
Villa,5.0,1.0,950.0,350000.0,Le kef,Le kef,5.544068044350276
Villa,3.0,1.0,106.0,85000.0,Le kef,Autres villes,4.929418925714293
Villa,3.0,1.0,325.0,200000.0,Le kef,Autres villes,5.301029995663981
Apartment,4.0,2.0,120.0,82000.0,Le kef,Le kef,4.913813852383717
Apartment,4.0,2.0,120.0,90000.0,Le kef,Le kef,4.954242509439325
Villa,6.0,2.0,210.0,140000.0,Le kef,Kalâat Snan,5.146128035678238
Villa,6.0,2.0,400.0,460000.0,Le kef,Kef Est,5.662757831681574
Villa,3.0,1.0,100.0,50000.0,Le kef,Djerissa,4.698970004336019
Villa,4.0,1.0,120.0,50000.0,Le kef,Djerissa,4.698970004336019
Villa,8.0,2.0,108.0,95000.0,Le kef,Le kef,4.977723605288848
Villa,3.0,1.0,250.0,60000.0,Le kef,Kef Ouest,4.778151250383644
Villa,4.0,1.0,250.0,60000.0,Le kef,Autres villes,4.778151250383644
Villa,7.0,2.0,350.0,190000.0,Le kef,Tajerouine,5.278753600952829
Villa,6.0,2.0,400.0,460000.0,Le kef,Kef Est,5.662757831681574
Villa,3.0,1.0,509.0,208000.0,Le kef,Le kef,5.318063334962762
Villa,3.0,1.0,509.0,208000.0,Le kef,Le kef,5.318063334962762
Villa,3.0,1.0,120.0,80000.0,Le kef,Es-Sers,4.903089986991944
Villa,4.0,1.0,100.0,90000.0,Le kef,Le kef,4.954242509439325
Villa,3.0,1.0,1200.0,132000.0,Le kef,Le kef,5.12057393120585
Apartment,2.0,1.0,113.0,1800000.0,Mahdia,Autres villes,6.2552725051033065
Villa,2.0,1.0,238.0,238000.0,Mahdia,Mahdia,5.376576957056512
Apartment,1.0,1.0,62.0,145000.0,Mahdia,Mahdia,5.161368002234975
Villa,2.0,1.0,110.0,155000.0,Mahdia,Mahdia,5.190331698170292
Villa,5.0,2.0,587.0,600000.0,Mahdia,Mahdia,5.778151250383644
Villa,3.0,2.0,480.0,580000.0,Mahdia,Mahdia,5.763427993562937
Apartment,3.0,2.0,143.0,275000.0,Mahdia,Mahdia,5.439332693830263
Apartment,2.0,1.0,200.0,200000.0,Mahdia,Mahdia,5.301029995663981
Apartment,1.0,1.0,64.0,115000.0,Mahdia,Autres villes,5.060697840353612
Villa,3.0,1.0,144.0,170000.0,Mahdia,Chebba,5.230448921378274
Apartment,1.0,1.0,63.0,130000.0,Mahdia,Mahdia,5.113943352306837
Apartment,3.0,1.0,107.0,250000.0,Mahdia,Mahdia,5.3979400086720375
Villa,3.0,1.0,126.0,193000.0,Mahdia,Mahdia,5.285557309007774
Apartment,1.0,1.0,55.0,95000.0,Mahdia,Mahdia,4.977723605288848
Apartment,4.0,2.0,168.0,390000.0,Mahdia,Mahdia,5.5910646070265
Apartment,2.0,1.0,81.0,186000.0,Mahdia,Mahdia,5.269512944217916
Apartment,1.0,1.0,57.0,152000.0,Mahdia,Mahdia,5.181843587944773
Apartment,1.0,1.0,75.0,130000.0,Mahdia,Mahdia,5.113943352306837
Apartment,2.0,1.0,70.0,98000.0,Mahdia,Mahdia,4.991226075692495
Villa,3.0,2.0,270.0,350000.0,Mahdia,Mahdia,5.544068044350276
Apartment,2.0,1.0,80.0,200000.0,Mahdia,Mahdia,5.301029995663981
Apartment,3.0,3.0,205.0,330000.0,Mahdia,Mahdia,5.518513939877887
Apartment,2.0,2.0,106.0,220000.0,Mahdia,Mahdia,5.342422680822207
Apartment,3.0,1.0,170.0,185000.0,Mahdia,Mahdia,5.267171728403014
Villa,2.0,1.0,110.0,160000.0,Mahdia,Mahdia,5.204119982655925
Villa,5.0,3.0,600.0,700000.0,Mahdia,Mahdia,5.845098040014257
Apartment,2.0,2.0,136.0,249000.0,Mahdia,Mahdia,5.396199347095736
Apartment,3.0,1.0,111.0,130000.0,Mahdia,Autres villes,5.113943352306837
Villa,5.0,2.0,150.0,200000.0,Mahdia,Autres villes,5.301029995663981
Villa,9.0,5.0,500.0,800000.0,Mahdia,Mahdia,5.903089986991944
Apartment,1.0,1.0,53.0,120000.0,Mahdia,Mahdia,5.079181246047625
Apartment,2.0,1.0,110.0,246000.0,Mahdia,Mahdia,5.390935107103379
Apartment,2.0,1.0,90.0,150000.0,Mahdia,Mahdia,5.176091259055681
Apartment,2.0,1.0,115.0,75000.0,Mahdia,Autres villes,4.8750612633917
Apartment,1.0,1.0,53.0,95000.0,Mahdia,Mahdia,4.977723605288848
Apartment,2.0,1.0,104.0,240000.0,Mahdia,Mahdia,5.380211241711606
Villa,2.0,1.0,185.0,57000.0,Mahdia,Chebba,4.755874855672492
Villa,2.0,1.0,600.0,110000.0,Mahdia,Autres villes,5.041392685158225
Apartment,2.0,1.0,120.0,140000.0,Mahdia,Mahdia,5.146128035678238
Villa,5.0,2.0,250.0,630000.0,Mahdia,Autres villes,5.799340549453582
Apartment,3.0,1.0,135.0,122000.0,Mahdia,Mahdia,5.086359830674748
Villa,3.0,1.0,160.0,260000.0,Mahdia,Autres villes,5.414973347970818
Villa,3.0,2.0,500.0,300000.0,Mahdia,Chebba,5.477121254719663
Villa,4.0,1.0,803.0,350000.0,Mahdia,Ksour Essef,5.544068044350276
Apartment,1.0,1.0,53.0,125000.0,Mahdia,Mahdia,5.096910013008056
Villa,2.0,1.0,300.0,270000.0,Mahdia,Chebba,5.431363764158987
Villa,5.0,2.0,350.0,350000.0,Mahdia,Mahdia,5.544068044350276
Villa,5.0,2.0,313.0,250000.0,Mahdia,Chebba,5.3979400086720375
Villa,3.0,2.0,270.0,350000.0,Mahdia,Mahdia,5.544068044350276
Apartment,2.0,1.0,197.0,230000.0,Mahdia,Mahdia,5.361727836017593
Apartment,2.0,1.0,71.0,71000.0,Mahdia,Autres villes,4.851258348719076
Apartment,1.0,1.0,74.0,160000.0,Mahdia,Mahdia,5.204119982655925
Villa,6.0,2.0,404.0,530000.0,Mahdia,Autres villes,5.724275869600789
Apartment,1.0,1.0,104.0,234000.0,Mahdia,Mahdia,5.369215857410143
Apartment,2.0,1.0,125.0,180000.0,Mahdia,Mahdia,5.2552725051033065
Apartment,2.0,1.0,100.0,100000.0,Mahdia,Ksour Essef,5.0
Apartment,2.0,1.0,90.0,120000.0,Mahdia,Ksour Essef,5.079181246047625
Apartment,2.0,2.0,124.0,265000.0,Mahdia,Mahdia,5.423245873936808
Apartment,2.0,1.0,105.0,110000.0,Mahdia,Mahdia,5.041392685158225
Villa,2.0,1.0,400.0,100000.0,Mahdia,Mahdia,5.0
Apartment,2.0,2.0,150.0,280000.0,Mahdia,Mahdia,5.447158031342219
Apartment,4.0,1.0,200.0,210000.0,Mahdia,Ksour Essef,5.32221929473392
Villa,3.0,1.0,246.0,120000.0,Mahdia,Autres villes,5.079181246047625
Villa,2.0,2.0,160.0,185000.0,Mahdia,Autres villes,5.267171728403014
Apartment,2.0,1.0,90.0,196650.0,Mahdia,Mahdia,5.293693950745766
Villa,6.0,4.0,500.0,820000.0,Mahdia,Mahdia,5.913813852383717
Apartment,2.0,1.0,110.0,1500000.0,Mahdia,Ksour Essef,6.176091259055681
Apartment,2.0,1.0,70.0,96000.0,Mahdia,Mahdia,4.982271233039568
Apartment,1.0,1.0,75.0,180000.0,Mahdia,Mahdia,5.2552725051033065
Apartment,2.0,1.0,97.0,210000.0,Mahdia,Mahdia,5.32221929473392
Apartment,4.0,2.0,125.0,330000.0,Mahdia,Mahdia,5.518513939877887
Apartment,3.0,1.0,140.0,250000.0,Mahdia,Autres villes,5.3979400086720375
Villa,3.0,1.0,170.0,255000.0,Mahdia,Autres villes,5.406540180433956
Villa,4.0,2.0,650.0,630000.0,Mahdia,Mahdia,5.799340549453582
Villa,3.0,1.0,100.0,180000.0,Mahdia,Autres villes,5.2552725051033065
Villa,1.0,1.0,170.0,110000.0,Mahdia,Autres villes,5.041392685158225
Villa,2.0,1.0,310.0,120000.0,Mahdia,Ksour Essef,5.079181246047625
Apartment,3.0,2.0,140.0,175000.0,Mahdia,Mahdia,5.243038048686294
Villa,3.0,1.0,112.0,95000.0,Mahdia,Mahdia,4.977723605288848
Villa,5.0,2.0,190.0,110000.0,Mahdia,Mahdia,5.041392685158225
Villa,3.0,2.0,230.0,250000.0,Mahdia,Mahdia,5.3979400086720375
Villa,5.0,3.0,583.0,570000.0,Mahdia,Mahdia,5.755874855672492
Villa,3.0,1.0,220.0,225000.0,Mahdia,Mahdia,5.352182518111363
Villa,2.0,1.0,105.0,100000.0,Mahdia,Ksour Essef,5.0
Villa,2.0,1.0,200.0,200000.0,Mahdia,Mahdia,5.301029995663981
Villa,4.0,2.0,350.0,1900000.0,Mahdia,Autres villes,6.278753600952829
Villa,3.0,1.0,207.0,240000.0,Mahdia,Mahdia,5.380211241711606
Apartment,2.0,1.0,109.0,250000.0,Mahdia,Mahdia,5.3979400086720375
Villa,2.0,2.0,350.0,205000.0,Mahdia,Autres villes,5.311753861055754
Villa,3.0,1.0,140.0,85000.0,Mahdia,Ksour Essef,4.929418925714293
Villa,2.0,1.0,160.0,200000.0,Mahdia,Mahdia,5.301029995663981
Apartment,3.0,1.0,100.0,115000.0,Mahdia,Autres villes,5.060697840353612
Villa,3.0,1.0,379.0,490000.0,Mahdia,Mahdia,5.690196080028514
Apartment,1.0,1.0,58.0,130000.0,Mahdia,Mahdia,5.113943352306837
Apartment,2.0,1.0,90.0,170000.0,Mahdia,Ksour Essef,5.230448921378274
Villa,3.0,2.0,160.0,111000.0,Médenine,Djerba - Midoun,5.045322978786658
Villa,4.0,1.0,120.0,250000.0,Médenine,Djerba-Houmt Souk,5.3979400086720375
Villa,4.0,2.0,120.0,285000.0,Médenine,Djerba - Midoun,5.45484486000851
Villa,3.0,1.0,148.0,300000.0,Médenine,Djerba-Houmt Souk,5.477121254719663
Apartment,3.0,1.0,180.0,180000.0,Médenine,Djerba-Houmt Souk,5.2552725051033065
Villa,3.0,2.0,200.0,220000.0,Médenine,Ben Gardane,5.342422680822207
Villa,8.0,4.0,500.0,558000.0,Médenine,Djerba-Houmt Souk,5.746634198937579
Villa,10.0,4.0,800.0,400000.0,Médenine,Médenine Sud,5.6020599913279625
Villa,3.0,1.0,133.0,150000.0,Médenine,Djerba-Houmt Souk,5.176091259055681
Apartment,3.0,3.0,204.0,520000.0,Médenine,Djerba - Midoun,5.7160033436348
Villa,5.0,3.0,270.0,300000.0,Médenine,Djerba-Houmt Souk,5.477121254719663
Villa,4.0,2.0,350.0,275000.0,Médenine,Djerba - Midoun,5.439332693830263
Villa,3.0,2.0,140.0,275000.0,Médenine,Djerba - Midoun,5.439332693830263
Villa,4.0,1.0,200.0,125000.0,Médenine,Zarzis,5.096910013008056
Villa,2.0,1.0,90.0,160000.0,Médenine,Djerba - Midoun,5.204119982655925
Villa,3.0,2.0,180.0,295000.0,Médenine,Djerba - Midoun,5.469822015978163
Villa,3.0,2.0,190.0,290000.0,Médenine,Djerba - Midoun,5.4623979978989565
Villa,3.0,2.0,160.0,260000.0,Médenine,Autres villes,5.414973347970818
Villa,3.0,1.0,1350.0,190000.0,Médenine,Djerba - Midoun,5.278753600952829
Villa,5.0,3.0,270.0,300000.0,Médenine,Djerba-Houmt Souk,5.477121254719663
Villa,3.0,2.0,220.0,450000.0,Médenine,Djerba - Midoun,5.653212513775344
Villa,4.0,1.0,288.0,95000.0,Médenine,Médenine Nord,4.977723605288848
Villa,3.0,2.0,450.0,111111.0,Médenine,Djerba-Houmt Souk,5.045757056265976
Villa,3.0,1.0,2000.0,150000.0,Médenine,Djerba-Houmt Souk,5.176091259055681
Villa,5.0,2.0,220.0,330000.0,Médenine,Djerba-Houmt Souk,5.518513939877887
Villa,3.0,1.0,150.0,120000.0,Médenine,Djerba - Midoun,5.079181246047625
Villa,3.0,2.0,350.0,280000.0,Médenine,Djerba - Midoun,5.447158031342219
Villa,5.0,2.0,155.0,210000.0,Médenine,Djerba - Midoun,5.32221929473392
Villa,5.0,5.0,840.0,840000.0,Médenine,Autres villes,5.924279286061882
Villa,5.0,2.0,140.0,120000.0,Médenine,Ben Gardane,5.079181246047625
Villa,3.0,1.0,170.0,270000.0,Médenine,Médenine Nord,5.431363764158987
Villa,6.0,1.0,200.0,85000.0,Médenine,Djerba-Houmt Souk,4.929418925714293
Villa,3.0,2.0,180.0,290000.0,Médenine,Djerba - Midoun,5.4623979978989565
Villa,7.0,4.0,400.0,625000.0,Médenine,Zarzis,5.795880017344075
Villa,2.0,1.0,120.0,90000.0,Médenine,Djerba - Midoun,4.954242509439325
Villa,4.0,1.0,500.0,180000.0,Médenine,Autres villes,5.2552725051033065
Villa,3.0,2.0,857.0,850000.0,Médenine,Djerba - Midoun,5.929418925714293
Villa,2.0,2.0,140.0,280000.0,Médenine,Djerba - Midoun,5.447158031342219
Villa,3.0,2.0,130.0,145000.0,Médenine,Médenine,5.161368002234975
Villa,2.0,1.0,155.0,120000.0,Médenine,Djerba - Midoun,5.079181246047625
Villa,4.0,2.0,628.0,500000.0,Médenine,Médenine Nord,5.698970004336019
Villa,3.0,1.0,184.0,279990.0,Médenine,Djerba-Houmt Souk,5.447142520548028
Villa,3.0,3.0,250.0,385000.0,Médenine,Djerba-Houmt Souk,5.585460729508501
Villa,7.0,1.0,315.0,190000.0,Médenine,Zarzis,5.278753600952829
Villa,2.0,1.0,105.0,220000.0,Médenine,Djerba-Houmt Souk,5.342422680822207
Villa,5.0,1.0,130.0,160000.0,Médenine,Médenine Sud,5.204119982655925
Villa,4.0,1.0,400.0,35000.0,Médenine,Médenine Nord,4.544068044350276
Villa,3.0,1.0,135.0,165000.0,Médenine,Djerba-Houmt Souk,5.217483944213907
Villa,3.0,4.0,502.0,650000.0,Médenine,Autres villes,5.812913356642856
Villa,3.0,1.0,140.0,90000.0,Médenine,Médenine,4.954242509439325
Apartment,1.0,1.0,60.0,139000.0,Monastir,Monastir,5.143014800254095
Villa,3.0,1.0,354.0,100000.0,Monastir,Jemmal,5.0
Villa,9.0,1.0,400.0,2000000.0,Monastir,Monastir,6.301029995663981
Apartment,4.0,2.0,80.0,70000.0,Monastir,Moknine,4.845098040014257
Apartment,2.0,1.0,114.0,195000.0,Monastir,Monastir,5.290034611362518
Apartment,2.0,1.0,81.0,130000.0,Monastir,Monastir,5.113943352306837
Villa,3.0,1.0,340.0,480000.0,Monastir,Monastir,5.681241237375588
Villa,4.0,1.0,416.0,550000.0,Monastir,Monastir,5.740362689494244
Villa,4.0,1.0,280.0,110000.0,Monastir,Moknine,5.041392685158225
Apartment,2.0,1.0,84.0,105000.0,Monastir,Monastir,5.021189299069938
Apartment,2.0,1.0,70.0,58000.0,Monastir,Monastir,4.763427993562937
Apartment,2.0,1.0,81.0,130000.0,Monastir,Monastir,5.113943352306837
Villa,3.0,1.0,138.0,150000.0,Monastir,Bekalta,5.176091259055681
Villa,4.0,2.0,312.0,600000.0,Monastir,Monastir,5.778151250383644
Apartment,2.0,1.0,76.0,80000.0,Monastir,Autres villes,4.903089986991944
Apartment,2.0,1.0,104.0,240000.0,Monastir,Monastir,5.380211241711606
Apartment,3.0,1.0,100.0,160000.0,Monastir,Monastir,5.204119982655925
Villa,4.0,2.0,600.0,750000.0,Monastir,Ksar Hellal,5.8750612633917
Villa,3.0,1.0,241.0,290000.0,Monastir,Monastir,5.4623979978989565
Villa,7.0,1.0,355.0,150000.0,Monastir,Autres villes,5.176091259055681
Apartment,2.0,2.0,70.0,95000.0,Monastir,Autres villes,4.977723605288848
Villa,5.0,2.0,314.0,580000.0,Monastir,Monastir,5.763427993562937
Apartment,2.0,1.0,65.0,155000.0,Monastir,Monastir,5.190331698170292
Apartment,3.0,1.0,84.0,150000.0,Monastir,Autres villes,5.176091259055681
Apartment,3.0,2.0,140.0,268000.0,Monastir,Monastir,5.4281347940287885
Apartment,2.0,1.0,114.0,207000.0,Monastir,Monastir,5.315970345456917
Villa,5.0,2.0,228.0,495000.0,Monastir,Monastir,5.694605198933568
Apartment,2.0,1.0,90.0,150000.0,Monastir,Monastir,5.176091259055681
Apartment,2.0,1.0,90.0,120000.0,Monastir,Monastir,5.079181246047625
Apartment,1.0,1.0,80.0,155000.0,Monastir,Monastir,5.190331698170292
Villa,4.0,2.0,458.0,835000.0,Monastir,Monastir,5.921686475483602
Apartment,2.0,1.0,82.0,95000.0,Monastir,Monastir,4.977723605288848
Apartment,2.0,1.0,95.0,115000.0,Monastir,Monastir,5.060697840353612
Apartment,1.0,1.0,37.0,74000.0,Monastir,Monastir,4.869231719730976
Apartment,3.0,1.0,135.0,185000.0,Monastir,Monastir,5.267171728403014
Apartment,2.0,1.0,75.0,150000.0,Monastir,Monastir,5.176091259055681
Villa,5.0,2.0,700.0,1100000.0,Monastir,Monastir,6.041392685158225
Villa,3.0,1.0,270.0,250000.0,Monastir,Monastir,5.3979400086720375
Apartment,4.0,2.0,375.0,370000.0,Monastir,Ksar Hellal,5.568201724066995
Villa,10.0,5.0,108.0,350000.0,Monastir,Autres villes,5.544068044350276
Villa,3.0,2.0,250.0,700000.0,Monastir,Monastir,5.845098040014257
Apartment,2.0,1.0,87.0,119500.0,Monastir,Monastir,5.077367905284157
Apartment,1.0,1.0,74.0,210000.0,Monastir,Monastir,5.32221929473392
Villa,3.0,2.0,400.0,350000.0,Monastir,Jemmal,5.544068044350276
Apartment,2.0,1.0,70.0,150000.0,Monastir,Autres villes,5.176091259055681
Villa,3.0,1.0,137.0,119000.0,Monastir,Monastir,5.075546961392531
Villa,1.0,1.0,185.0,75000.0,Monastir,Monastir,4.8750612633917
Villa,3.0,1.0,155.0,180000.0,Monastir,Autres villes,5.2552725051033065
Apartment,3.0,1.0,108.0,198000.0,Monastir,Monastir,5.296665190261531
Villa,4.0,2.0,490.0,830000.0,Monastir,Monastir,5.919078092376074
Villa,7.0,1.0,365.0,150000.0,Monastir,Autres villes,5.176091259055681
Apartment,2.0,2.0,120.0,110000.0,Monastir,Téboulba,5.041392685158225
Apartment,2.0,1.0,90.0,119000.0,Monastir,Monastir,5.075546961392531
Apartment,3.0,1.0,160.0,250000.0,Monastir,Monastir,5.3979400086720375
Apartment,2.0,1.0,85.0,129000.0,Monastir,Monastir,5.110589710299249
Villa,1.0,1.0,218.0,17440.0,Monastir,Beni Hassen,4.241546480596549
Villa,5.0,3.0,95.0,240000.0,Monastir,Autres villes,5.380211241711606
Apartment,2.0,1.0,75.0,85000.0,Monastir,Autres villes,4.929418925714293
Apartment,4.0,1.0,200.0,300000.0,Monastir,Ksar Hellal,5.477121254719663
Villa,4.0,2.0,100.0,900000.0,Monastir,Autres villes,5.954242509439325
Apartment,1.0,1.0,55.0,85000.0,Monastir,Monastir,4.929418925714293
Villa,3.0,1.0,138.0,150000.0,Monastir,Bekalta,5.176091259055681
Apartment,2.0,1.0,80.0,210000.0,Monastir,Monastir,5.32221929473392
Apartment,1.0,1.0,34.0,75000.0,Monastir,Monastir,4.8750612633917
Villa,3.0,1.0,320.0,233000.0,Monastir,Autres villes,5.367355921026019
Apartment,1.0,1.0,67.0,88000.0,Monastir,Monastir,4.944482672150168
Apartment,2.0,1.0,115.0,220000.0,Monastir,Monastir,5.342422680822207
Apartment,1.0,1.0,40.0,40000.0,Monastir,Autres villes,4.6020599913279625
Villa,3.0,1.0,210.0,320000.0,Monastir,Bembla,5.505149978319906
Apartment,2.0,1.0,84.0,120000.0,Monastir,Autres villes,5.079181246047625
Apartment,2.0,1.0,74.0,75000.0,Monastir,Monastir,4.8750612633917
Villa,5.0,1.0,207.0,170000.0,Monastir,Jemmal,5.230448921378274
Villa,4.0,1.0,300.0,600000.0,Monastir,Monastir,5.778151250383644
Apartment,2.0,1.0,75.0,107000.0,Monastir,Monastir,5.02938377768521
Villa,4.0,2.0,271.0,600000.0,Monastir,Monastir,5.778151250383644
Apartment,3.0,1.0,70.0,85000.0,Monastir,Sahline,4.929418925714293
Villa,7.0,3.0,800.0,700000.0,Monastir,Monastir,5.845098040014257
Villa,3.0,1.0,110.0,240000.0,Monastir,Jemmal,5.380211241711606
Apartment,2.0,1.0,60.0,139000.0,Monastir,Monastir,5.143014800254095
Apartment,3.0,1.0,90.0,185000.0,Monastir,Monastir,5.267171728403014
Villa,6.0,2.0,800.0,1150000.0,Monastir,Monastir,6.060697840353612
Apartment,2.0,1.0,120.0,1500000.0,Monastir,Sahline,6.176091259055681
Villa,2.0,1.0,180.0,72000.0,Monastir,Téboulba,4.857332496431268
Villa,4.0,2.0,290.0,330000.0,Monastir,Jemmal,5.518513939877887
Villa,3.0,2.0,366.0,500000.0,Monastir,Autres villes,5.698970004336019
Apartment,2.0,1.0,70.0,115000.0,Monastir,Monastir,5.060697840353612
Apartment,2.0,1.0,125.0,250000.0,Monastir,Autres villes,5.3979400086720375
Villa,3.0,1.0,100.0,60000.0,Monastir,Sayada-Lamta-Bou Hajar,4.778151250383644
Apartment,2.0,1.0,83.0,195000.0,Monastir,Monastir,5.290034611362518
Apartment,3.0,1.0,90.0,180000.0,Monastir,Monastir,5.2552725051033065
Villa,3.0,1.0,200.0,180000.0,Monastir,Ouerdanine,5.2552725051033065
Apartment,1.0,1.0,450.0,50000.0,Monastir,Monastir,4.698970004336019
Villa,2.0,2.0,150.0,42000.0,Monastir,Ouerdanine,4.623249290397901
Villa,6.0,1.0,279.0,278000.0,Monastir,Sayada-Lamta-Bou Hajar,5.444044795918076
Villa,4.0,2.0,212.0,240000.0,Monastir,Ksibet el-Médiouni,5.380211241711606
Villa,6.0,2.0,400.0,650000.0,Monastir,Monastir,5.812913356642856
Villa,2.0,1.0,80.0,100000.0,Monastir,Moknine,5.0
Apartment,3.0,1.0,90.0,200000.0,Monastir,Monastir,5.301029995663981
Villa,3.0,1.0,100.0,150000.0,Monastir,Monastir,5.176091259055681
Villa,3.0,2.0,300.0,680000.0,Monastir,Monastir,5.832508912706237
Apartment,2.0,1.0,57.0,105000.0,Monastir,Monastir,5.021189299069938
Villa,4.0,1.0,125.0,100000.0,Sidi bouzid,Sidi Bouzid Ouest,5.0
Villa,8.0,2.0,313.0,210000.0,Sidi bouzid,Regueb,5.32221929473392
Villa,5.0,1.0,320.0,500000.0,Sidi bouzid,Sidi Bouzid Ouest,5.698970004336019
Villa,4.0,1.0,600.0,450000.0,Sidi bouzid,Sidi Bouzid Est,5.653212513775344
Villa,3.0,1.0,272.0,68000.0,Sidi bouzid,Sidi Ali Ben Aoun,4.832508912706237
Apartment,4.0,2.0,200.0,200000.0,Sidi bouzid,Autres villes,5.301029995663981
Villa,4.0,1.0,313.0,260000.0,Sidi bouzid,Regueb,5.414973347970818
Villa,4.0,1.0,210.0,80000.0,Sidi bouzid,Bir El Hafey,4.903089986991944
Villa,6.0,2.0,250.0,280000.0,Siliana,Autres villes,5.447158031342219
Villa,2.0,1.0,220.0,55000.0,Siliana,Siliana Nord,4.740362689494244
Villa,3.0,1.0,260.0,175000.0,Siliana,Siliana Sud,5.243038048686294
Villa,3.0,1.0,135.0,165000.0,Siliana,Makthar,5.217483944213907
Villa,5.0,1.0,478.0,278000.0,Siliana,Autres villes,5.444044795918076
Villa,3.0,1.0,500.0,300000.0,Siliana,Autres villes,5.477121254719663
Villa,4.0,1.0,230.0,235000.0,Sousse,Zaouit-Ksibat Thrayett,5.371067862271736
Apartment,2.0,1.0,113.0,285000.0,Sousse,Sousse,5.45484486000851
Apartment,2.0,1.0,64.0,105000.0,Sousse,Sousse Jawhara,5.021189299069938
Apartment,3.0,1.0,100.0,300000.0,Sousse,Hammam Sousse,5.477121254719663
Apartment,3.0,2.0,154.0,300000.0,Sousse,Sahloul,5.477121254719663
Apartment,2.0,1.0,110.0,263000.0,Sousse,Sahloul,5.419955748489758
Apartment,1.0,1.0,70.0,130000.0,Sousse,Sahloul,5.113943352306837
Apartment,3.0,1.0,114.0,290000.0,Sousse,Sousse Jawhara,5.4623979978989565
Apartment,2.0,1.0,92.0,75000.0,Sousse,Autres villes,4.8750612633917
Villa,5.0,1.0,100.0,190000.0,Sousse,Sousse Sidi Abdelhamid,5.278753600952829
Apartment,3.0,1.0,120.0,165000.0,Sousse,Sousse Jawhara,5.217483944213907
Apartment,3.0,1.0,122.0,158000.0,Sousse,Sousse Riadh,5.198657086954422
Apartment,2.0,2.0,63.0,250000.0,Sousse,Kantaoui,5.3979400086720375
Villa,2.0,1.0,150.0,200000.0,Sousse,Sahloul,5.301029995663981
Apartment,2.0,1.0,99.0,128000.0,Sousse,Sousse Riadh,5.107209969647869
Apartment,2.0,1.0,105.0,219000.0,Sousse,Hergla,5.340444114840119
Apartment,3.0,2.0,147.0,325000.0,Sousse,Sahloul,5.511883360978874
Apartment,1.0,1.0,63.0,155000.0,Sousse,Kantaoui,5.190331698170292
Apartment,2.0,1.0,134.0,260000.0,Sousse,Kantaoui,5.414973347970818
Apartment,3.0,3.0,150.0,320000.0,Sousse,Kantaoui,5.505149978319906
Apartment,1.0,1.0,65.0,140000.0,Sousse,Kantaoui,5.146128035678238
Apartment,1.0,1.0,66.0,240000.0,Sousse,Kantaoui,5.380211241711606
Apartment,2.0,1.0,80.0,135000.0,Sousse,Kantaoui,5.130333768495007
Villa,10.0,4.0,75.0,350000.0,Sousse,Sousse Médina,5.544068044350276
Villa,4.0,3.0,381.0,495000.0,Sousse,Hergla,5.694605198933568
Apartment,3.0,2.0,90.0,250000.0,Sousse,Sousse Jawhara,5.3979400086720375
Villa,3.0,1.0,570.0,750000.0,Sousse,Sousse Jawhara,5.8750612633917
Villa,4.0,1.0,150.0,250000.0,Sousse,Sousse,5.3979400086720375
Villa,5.0,3.0,600.0,550000.0,Sousse,Sousse Jawhara,5.740362689494244
Villa,5.0,3.0,570.0,750000.0,Sousse,Autres villes,5.8750612633917
Apartment,2.0,1.0,134.0,270000.0,Sousse,Sahloul,5.431363764158987
Apartment,2.0,1.0,90.0,70000.0,Sousse,Sahloul,4.845098040014257
Apartment,3.0,2.0,170.0,520000.0,Sousse,Sousse,5.7160033436348
Villa,5.0,2.0,300.0,650000.0,Sousse,Sahloul,5.812913356642856
Apartment,2.0,1.0,93.0,255000.0,Sousse,Kantaoui,5.406540180433956
Apartment,3.0,2.0,182.0,380000.0,Sousse,Sahloul,5.57978359661681
Apartment,3.0,2.0,145.0,350000.0,Sousse,Akouda,5.544068044350276
Apartment,2.0,1.0,85.0,90000.0,Sousse,Sousse Riadh,4.954242509439325
Villa,3.0,2.0,354.0,520000.0,Sousse,Hammam Sousse,5.7160033436348
Villa,4.0,1.0,260.0,100000.0,Sousse,Autres villes,5.0
Apartment,2.0,1.0,100.0,240000.0,Sousse,Sahloul,5.380211241711606
Apartment,1.0,1.0,52.0,136000.0,Sousse,Akouda,5.133538908370218
Apartment,2.0,2.0,140.0,280000.0,Sousse,Sousse Médina,5.447158031342219
Villa,7.0,3.0,500.0,850000.0,Sousse,Autres villes,5.929418925714293
Apartment,1.0,1.0,70.0,155000.0,Sousse,Sousse,5.190331698170292
Villa,3.0,1.0,100.0,90000.0,Sousse,Sousse Jawhara,4.954242509439325
Apartment,1.0,1.0,50.0,115000.0,Sousse,Hergla,5.060697840353612
Apartment,3.0,1.0,125.0,330000.0,Sousse,Akouda,5.518513939877887
Villa,3.0,1.0,234.0,220000.0,Sousse,Zaouit-Ksibat Thrayett,5.342422680822207
Villa,5.0,2.0,130.0,250000.0,Sousse,Sousse Riadh,5.3979400086720375
Apartment,1.0,1.0,34.0,115000.0,Sousse,Kantaoui,5.060697840353612
Apartment,3.0,1.0,110.0,250000.0,Sousse,Sahloul,5.3979400086720375
Apartment,2.0,1.0,121.0,307360.0,Sousse,Hammam Sousse,5.487647347517618
Apartment,3.0,2.0,156.0,290000.0,Sousse,Sahloul,5.4623979978989565
Apartment,3.0,1.0,137.0,260000.0,Sousse,Sahloul,5.414973347970818
Apartment,2.0,1.0,133.0,247000.0,Sousse,Sahloul,5.392696953259666
Apartment,2.0,1.0,101.0,220000.0,Sousse,Akouda,5.342422680822207
Apartment,2.0,1.0,104.0,212000.0,Sousse,Sousse Riadh,5.326335860928752
Apartment,3.0,1.0,200.0,670000.0,Sousse,Hammam Sousse,5.826074802700826
Apartment,3.0,1.0,115.0,340000.0,Sousse,Sahloul,5.531478917042255
Villa,10.0,5.0,435.0,1400000.0,Sousse,Sahloul,6.146128035678238
Villa,2.0,1.0,112.0,200000.0,Sousse,Bouficha,5.301029995663981
Villa,3.0,2.0,352.0,500000.0,Sousse,Sahloul,5.698970004336019
Villa,3.0,2.0,352.0,500000.0,Sousse,Hammam Sousse,5.698970004336019
Apartment,2.0,1.0,72.0,75000.0,Sousse,Sousse Riadh,4.8750612633917
Apartment,3.0,1.0,180.0,450000.0,Sousse,Sousse,5.653212513775344
Apartment,3.0,1.0,161.0,520000.0,Sousse,Sousse,5.7160033436348
Apartment,2.0,1.0,140.0,250000.0,Sousse,Sousse Jawhara,5.3979400086720375
Apartment,2.0,2.0,144.0,230000.0,Sousse,Hergla,5.361727836017593
Villa,5.0,2.0,450.0,1300000.0,Sousse,Hammam Sousse,6.113943352306837
Apartment,2.0,1.0,100.0,300000.0,Sousse,Sousse Jawhara,5.477121254719663
Apartment,3.0,2.0,182.0,380000.0,Sousse,Sahloul,5.57978359661681
Apartment,1.0,1.0,84.0,310000.0,Sousse,Kantaoui,5.491361693834273
Apartment,2.0,2.0,93.0,208000.0,Sousse,Sousse Jawhara,5.318063334962762
Villa,3.0,1.0,400.0,580000.0,Sousse,Sahloul,5.763427993562937
Villa,4.0,1.0,557.0,710000.0,Sousse,Sousse,5.851258348719076
Apartment,3.0,2.0,143.0,317000.0,Sousse,Sahloul,5.501059262217751
Villa,4.0,2.0,341.0,545000.0,Sousse,Autres villes,5.7363965022766426
Villa,3.0,1.0,116.0,150000.0,Sousse,Zaouit-Ksibat Thrayett,5.176091259055681
Villa,3.0,2.0,473.0,425000.0,Sousse,Hergla,5.628388930050312
Villa,9.0,2.0,500.0,500000.0,Sousse,Sousse Médina,5.698970004336019
Villa,5.0,4.0,450.0,1300000.0,Sousse,Kantaoui,6.113943352306837
Apartment,2.0,1.0,101.0,220000.0,Sousse,Kantaoui,5.342422680822207
Villa,4.0,2.0,2000.0,380000.0,Sousse,Kalaâ Kebira,5.57978359661681
Apartment,2.0,1.0,80.0,210000.0,Sousse,Hammam Sousse,5.32221929473392
Apartment,2.0,2.0,140.0,300000.0,Sousse,Sousse Jawhara,5.477121254719663
Apartment,2.0,1.0,118.0,240000.0,Sousse,Sousse Jawhara,5.380211241711606
Apartment,2.0,2.0,100.0,145000.0,Sousse,Sahloul,5.161368002234975
Apartment,2.0,1.0,75.0,105000.0,Sousse,Sousse Riadh,5.021189299069938
Villa,4.0,2.0,700.0,900000.0,Sousse,Akouda,5.954242509439325
Villa,6.0,2.0,600.0,800000.0,Sousse,Sahloul,5.903089986991944
Apartment,1.0,1.0,79.0,170000.0,Sousse,Akouda,5.230448921378274
Apartment,3.0,3.0,166.0,360000.0,Sousse,Sahloul,5.556302500767287
Villa,3.0,1.0,101.0,135000.0,Sousse,Hammam Sousse,5.130333768495007
Villa,4.0,1.0,200.0,480000.0,Sousse,Akouda,5.681241237375588
Villa,3.0,1.0,115.0,128000.0,Sousse,Sousse Riadh,5.107209969647869
Apartment,4.0,2.0,135.0,245000.0,Sousse,Akouda,5.389166084364533
Apartment,2.0,1.0,60.0,85000.0,Sousse,Kantaoui,4.929418925714293
Villa,3.0,2.0,218.0,270000.0,Sousse,Kalaâ Kebira,5.431363764158987
Apartment,1.0,1.0,65.0,185000.0,Sousse,Sousse Jawhara,5.267171728403014
Apartment,3.0,1.0,102.0,65000.0,Sousse,Sousse Jawhara,4.812913356642856
Villa,5.0,2.0,400.0,800000.0,Sousse,Kantaoui,5.903089986991944
Villa,6.0,1.0,260.0,70000.0,Sousse,Kalaâ Kebira,4.845098040014257
Apartment,3.0,1.0,143.0,299000.0,Sousse,Sahloul,5.47567118832443
Villa,2.0,2.0,127.0,165000.0,Sousse,Sousse Riadh,5.217483944213907
Villa,4.0,2.0,300.0,420000.0,Sousse,Akouda,5.623249290397901
Apartment,2.0,2.0,102.0,201000.0,Sousse,Sousse Riadh,5.303196057420489
Apartment,3.0,2.0,150.0,355000.0,Sousse,Sousse Jawhara,5.550228353055094
Villa,4.0,1.0,160.0,107000.0,Sousse,Kalaâ Kebira,5.02938377768521
Apartment,2.0,2.0,145.0,275000.0,Sousse,Sousse Jawhara,5.439332693830263
Villa,7.0,4.0,1610.0,4300000.0,Sousse,Hammam Sousse,6.633468455579586
Villa,3.0,2.0,205.0,250000.0,Sousse,Hammam Sousse,5.3979400086720375
Apartment,3.0,1.0,86.0,70000.0,Sousse,M'saken,4.845098040014257
Villa,3.0,1.0,525.0,590000.0,Sousse,Sousse,5.770852011642144
Apartment,2.0,1.0,105.0,185000.0,Sousse,Hergla,5.267171728403014
Villa,5.0,3.0,480.0,860000.0,Sousse,Sahloul,5.934498451243568
Apartment,2.0,1.0,94.0,270000.0,Sousse,Akouda,5.431363764158987
Villa,4.0,2.0,230.0,210000.0,Sousse,Sousse,5.32221929473392
Apartment,1.0,1.0,200.0,200000.0,Sousse,Sousse,5.301029995663981
Apartment,2.0,1.0,150.0,249000.0,Sousse,Sousse Jawhara,5.396199347095736
Apartment,3.0,2.0,143.0,330000.0,Sousse,Sahloul,5.518513939877887
Apartment,2.0,1.0,110.0,275000.0,Sousse,Sahloul,5.439332693830263
Villa,3.0,2.0,254.0,350000.0,Sousse,Hammam Sousse,5.544068044350276
Apartment,2.0,1.0,124.0,278000.0,Sousse,Sahloul,5.444044795918076
Apartment,2.0,1.0,70.0,200000.0,Sousse,Sousse Jawhara,5.301029995663981
Apartment,4.0,1.0,137.0,355000.0,Sousse,Sousse Jawhara,5.550228353055094
Apartment,4.0,1.0,120.0,180000.0,Sousse,Sousse Jawhara,5.2552725051033065
Apartment,4.0,1.0,500.0,135000.0,Sousse,Enfidha,5.130333768495007
Apartment,1.0,1.0,62.0,155000.0,Sousse,Hergla,5.190331698170292
Villa,3.0,1.0,157.0,125000.0,Sousse,Kalaâ Kebira,5.096910013008056
Villa,3.0,1.0,200.0,240000.0,Sousse,Autres villes,5.380211241711606
Villa,1.0,1.0,185.0,75000.0,Sousse,Hammam Sousse,4.8750612633917
Apartment,4.0,1.0,126.0,210000.0,Sousse,Sousse Médina,5.32221929473392
Apartment,3.0,1.0,186.0,270000.0,Sousse,Sahloul,5.431363764158987
Villa,4.0,2.0,255.0,950000.0,Sousse,Sousse,5.977723605288848
Apartment,2.0,1.0,115.0,222000.0,Sousse,Sousse,5.346352974450639
Apartment,3.0,2.0,139.0,450000.0,Sousse,Sousse,5.653212513775344
Apartment,2.0,1.0,90.0,185000.0,Sousse,Akouda,5.267171728403014
Apartment,1.0,1.0,35.0,92000.0,Sousse,Akouda,4.963787827345556
Apartment,3.0,1.0,143.0,299000.0,Sousse,Sahloul,5.47567118832443
Apartment,1.0,1.0,131.0,137000.0,Sousse,Sousse Jawhara,5.136720567156407
Apartment,3.0,1.0,90.0,137000.0,Sousse,Sahloul,5.136720567156407
Villa,4.0,1.0,452.0,1050000.0,Sousse,Sousse Jawhara,6.021189299069938
Villa,4.0,1.0,357.0,570000.0,Sousse,Sousse Jawhara,5.755874855672492
Apartment,4.0,1.0,182.0,380000.0,Sousse,Sahloul,5.57978359661681
Apartment,3.0,1.0,240.0,480000.0,Sousse,Sousse,5.681241237375588
Villa,2.0,2.0,127.0,165000.0,Sousse,Sousse Riadh,5.217483944213907
Apartment,2.0,1.0,115.0,222000.0,Sousse,Sousse Riadh,5.346352974450639
Apartment,2.0,1.0,80.0,85000.0,Sousse,Autres villes,4.929418925714293
Villa,2.0,1.0,202.0,50000.0,Sousse,Autres villes,4.698970004336019
Villa,3.0,3.0,318.0,500000.0,Sousse,Hergla,5.698970004336019
Apartment,2.0,1.0,115.0,275000.0,Sousse,Sousse,5.439332693830263
Apartment,3.0,1.0,161.0,500000.0,Sousse,Sousse,5.698970004336019
Villa,4.0,2.0,341.0,520000.0,Sousse,Sousse Jawhara,5.7160033436348
Apartment,3.0,1.0,115.0,340000.0,Sousse,Sahloul,5.531478917042255
Apartment,2.0,1.0,107.0,176000.0,Sousse,Sousse,5.2455126678141495
Villa,3.0,1.0,400.0,519000.0,Sousse,Autres villes,5.715167357848458
Apartment,2.0,2.0,120.0,250000.0,Sousse,Sousse,5.3979400086720375
Apartment,3.0,1.0,207.0,350000.0,Sousse,Sousse,5.544068044350276
Villa,5.0,2.0,486.0,1050000.0,Sousse,Sousse,6.021189299069938
Villa,3.0,1.0,261.0,190000.0,Sousse,Sousse,5.278753600952829
Apartment,4.0,1.0,150.0,215000.0,Sousse,Sousse,5.332438459915605
Apartment,3.0,3.0,137.0,339000.0,Sousse,Sousse Jawhara,5.5301996982030825
Villa,3.0,1.0,130.0,155000.0,Sousse,Sousse Riadh,5.190331698170292
Apartment,1.0,1.0,60.0,155000.0,Sousse,Sousse,5.190331698170292
Apartment,2.0,1.0,113.0,235000.0,Sousse,Sousse Jawhara,5.371067862271736
Apartment,2.0,1.0,116.0,250000.0,Sousse,Sahloul,5.3979400086720375
Apartment,3.0,3.0,137.0,339000.0,Sousse,Sahloul,5.5301996982030825
Apartment,2.0,1.0,110.0,168000.0,Sousse,Sahloul,5.225309281725863
Apartment,2.0,2.0,130.0,280000.0,Sousse,Sahloul,5.447158031342219
Villa,6.0,3.0,493.0,500000.0,Sousse,Hammam Sousse,5.698970004336019
Apartment,2.0,2.0,120.0,198000.0,Sousse,Sousse Jawhara,5.296665190261531
Villa,4.0,2.0,641.0,380000.0,Sousse,Sousse Jawhara,5.57978359661681
Villa,2.0,2.0,494.0,455000.0,Sousse,Sousse Jawhara,5.658011396657113
Apartment,1.0,1.0,70.0,140000.0,Sousse,Sousse,5.146128035678238
Apartment,3.0,1.0,190.0,200000.0,Sousse,Sousse Jawhara,5.301029995663981
Apartment,2.0,1.0,103.0,201000.0,Sousse,Sousse Riadh,5.303196057420489
Apartment,2.0,2.0,95.0,220000.0,Sousse,Kantaoui,5.342422680822207
Apartment,3.0,1.0,80.0,60000.0,Sousse,Autres villes,4.778151250383644
Villa,6.0,2.0,470.0,145000.0,Sousse,M'saken,5.161368002234975
Villa,9.0,3.0,480.0,360000.0,Sousse,Sousse,5.556302500767287
Villa,3.0,1.0,500.0,1300000.0,Sousse,Sousse,6.113943352306837
Villa,4.0,1.0,532.0,950000.0,Sousse,Sousse Jawhara,5.977723605288848
Villa,6.0,2.0,86.0,300000.0,Sousse,Sousse Riadh,5.477121254719663
Apartment,3.0,1.0,125.0,325000.0,Sousse,Hammam Sousse,5.511883360978874
Apartment,2.0,1.0,90.0,198000.0,Sousse,Hammam Sousse,5.296665190261531
Apartment,3.0,1.0,125.0,250000.0,Sousse,Hergla,5.3979400086720375
Villa,3.0,1.0,400.0,800000.0,Sousse,Sahloul,5.903089986991944
Apartment,2.0,1.0,145.0,290000.0,Sousse,Sahloul,5.4623979978989565
Villa,3.0,1.0,210.0,350000.0,Sousse,Sahloul,5.544068044350276
Apartment,2.0,1.0,77.0,95500.0,Sousse,Sousse Riadh,4.980003371583746
Villa,3.0,1.0,350.0,470000.0,Sousse,Hammam Sousse,5.672097857935717
Apartment,1.0,2.0,105.0,202000.0,Sousse,Sousse,5.305351369446623
Villa,2.0,1.0,600.0,820000.0,Sousse,Sousse,5.913813852383717
Apartment,2.0,1.0,100.0,300000.0,Sousse,Sousse Jawhara,5.477121254719663
Apartment,2.0,1.0,90.0,175000.0,Sousse,Sousse,5.243038048686294
Apartment,3.0,2.0,78.0,400000.0,Sousse,Akouda,5.6020599913279625
Villa,4.0,3.0,752.0,860000.0,Sousse,Akouda,5.934498451243568
Apartment,1.0,1.0,43.0,145000.0,Sousse,Akouda,5.161368002234975
Apartment,2.0,1.0,80.0,129000.0,Sousse,Sousse Riadh,5.110589710299249
Apartment,2.0,1.0,87.0,236000.0,Sousse,Akouda,5.372912002970106
Apartment,2.0,1.0,90.0,94000.0,Sousse,Sahloul,4.973127853599698
Apartment,3.0,1.0,235.0,290000.0,Sousse,Sahloul,5.4623979978989565
Villa,3.0,1.0,810.0,3000000.0,Sousse,Hammam Sousse,6.477121254719663
Apartment,4.0,2.0,210.0,420000.0,Sousse,Sahloul,5.623249290397901
Apartment,1.0,1.0,80.0,205000.0,Sousse,Sousse Jawhara,5.311753861055754
Villa,4.0,2.0,260.0,240000.0,Sousse,Sousse Riadh,5.380211241711606
Villa,4.0,1.0,650.0,420000.0,Sousse,Akouda,5.623249290397901
Apartment,2.0,1.0,125.0,300000.0,Sousse,Sahloul,5.477121254719663
Apartment,3.0,2.0,240.0,350000.0,Sousse,Sousse Jawhara,5.544068044350276
Apartment,3.0,1.0,136.0,250000.0,Sousse,Akouda,5.3979400086720375
Villa,2.0,1.0,247.0,160000.0,Sousse,Sousse,5.204119982655925
Apartment,2.0,2.0,230.0,300000.0,Sousse,Hergla,5.477121254719663
Apartment,2.0,1.0,81.0,85000.0,Sousse,Sousse Riadh,4.929418925714293
Villa,6.0,2.0,263.0,230000.0,Sousse,Hergla,5.361727836017593
Apartment,2.0,1.0,105.0,200000.0,Sousse,Hergla,5.301029995663981
Apartment,3.0,1.0,90.0,80000.0,Sousse,Sahloul,4.903089986991944
Apartment,2.0,1.0,108.0,170000.0,Sousse,Sousse Jawhara,5.230448921378274
Apartment,3.0,2.0,141.0,276000.0,Sousse,Sousse Jawhara,5.440909082065217
Apartment,2.0,1.0,117.0,175000.0,Sousse,Sahloul,5.243038048686294
Apartment,4.0,2.0,240.0,330000.0,Sousse,Sousse Jawhara,5.518513939877887
Villa,4.0,3.0,530.0,620000.0,Sousse,Sousse Jawhara,5.792391689498253
Apartment,3.0,1.0,98.0,175000.0,Sousse,Akouda,5.243038048686294
Apartment,3.0,2.0,130.0,180000.0,Sousse,Sahloul,5.2552725051033065
Apartment,2.0,1.0,67.0,155000.0,Sousse,Sousse,5.190331698170292
Apartment,2.0,1.0,80.0,120000.0,Sousse,Sousse Sidi Abdelhamid,5.079181246047625
Apartment,2.0,1.0,110.0,160000.0,Sousse,Hammam Sousse,5.204119982655925
Villa,3.0,2.0,362.0,540000.0,Sousse,Hammam Sousse,5.732393759822968
Villa,4.0,2.0,165.0,340000.0,Sousse,Akouda,5.531478917042255
Apartment,2.0,1.0,100.0,55000.0,Sousse,Kalaâ Sghira,4.740362689494244
Villa,3.0,2.0,150.0,150000.0,Sousse,Kalaâ Kebira,5.176091259055681
Apartment,4.0,1.0,130.0,220000.0,Sousse,Autres villes,5.342422680822207
Apartment,2.0,2.0,144.0,230000.0,Sousse,Hergla,5.361727836017593
Apartment,1.0,1.0,131.0,137000.0,Sousse,Sousse Jawhara,5.136720567156407
Villa,3.0,1.0,400.0,580000.0,Sousse,Sahloul,5.763427993562937
Apartment,2.0,2.0,140.0,280000.0,Sousse,Sousse Médina,5.447158031342219
Apartment,2.0,1.0,103.0,201000.0,Sousse,Sousse Riadh,5.303196057420489
Apartment,3.0,2.0,113.0,240000.0,Sousse,Autres villes,5.380211241711606
Apartment,2.0,1.0,100.0,240000.0,Sousse,Sahloul,5.380211241711606
Apartment,2.0,1.0,102.0,170000.0,Sousse,Hammam Sousse,5.230448921378274
Apartment,2.0,1.0,116.0,250000.0,Sousse,Sahloul,5.3979400086720375
Villa,3.0,1.0,557.0,710000.0,Sousse,Sousse,5.851258348719076
Villa,4.0,1.0,207.0,420000.0,Sousse,Hergla,5.623249290397901
Apartment,1.0,1.0,110.0,330000.0,Sousse,Kantaoui,5.518513939877887
Apartment,2.0,2.0,136.0,272000.0,Sousse,Sahloul,5.434568904034199
Apartment,2.0,1.0,100.0,230000.0,Sousse,Akouda,5.361727836017593
Apartment,2.0,1.0,107.0,239000.0,Sousse,Sahloul,5.378397900948138
Villa,3.0,2.0,210.0,350000.0,Sousse,Hammam Sousse,5.544068044350276
Villa,3.0,1.0,211.0,260000.0,Sousse,Sousse,5.414973347970818
Apartment,2.0,1.0,133.0,247000.0,Sousse,Autres villes,5.392696953259666
Apartment,2.0,1.0,85.0,70000.0,Sousse,Sousse Riadh,4.845098040014257
Apartment,3.0,3.0,148.0,340000.0,Sousse,Sousse Jawhara,5.531478917042255
Apartment,2.0,1.0,111.0,388500.0,Sousse,Sousse,5.589391023136933
Apartment,2.0,1.0,101.0,220000.0,Sousse,Akouda,5.342422680822207
Villa,4.0,2.0,341.0,520000.0,Sousse,Sousse Jawhara,5.7160033436348
Apartment,2.0,1.0,75.0,105000.0,Sousse,Sousse Riadh,5.021189299069938
Apartment,2.0,1.0,104.0,212000.0,Sousse,Sousse Riadh,5.326335860928752
Apartment,2.0,1.0,133.0,247000.0,Sousse,Sahloul,5.392696953259666
Villa,2.0,1.0,150.0,200000.0,Sousse,Sahloul,5.301029995663981
Villa,4.0,1.0,1700.0,4500000.0,Sousse,Sousse,6.653212513775344
Apartment,3.0,1.0,137.0,260000.0,Sousse,Sahloul,5.414973347970818
Villa,2.0,2.0,90.0,150000.0,Sousse,Sousse,5.176091259055681
Villa,3.0,2.0,90.0,165000.0,Sousse,Hammam Sousse,5.217483944213907
Apartment,4.0,2.0,350.0,300000.0,Sousse,Hammam Sousse,5.477121254719663
Apartment,3.0,2.0,137.0,285000.0,Sousse,Sousse Jawhara,5.45484486000851
Apartment,3.0,2.0,150.0,340000.0,Sousse,Sousse,5.531478917042255
Villa,4.0,1.0,250.0,525000.0,Sousse,Autres villes,5.720159303405957
Apartment,2.0,1.0,90.0,300000.0,Sousse,Autres villes,5.477121254719663
Apartment,3.0,1.0,150.0,120000.0,Sousse,Autres villes,5.079181246047625
Apartment,2.0,2.0,120.0,230000.0,Sousse,Sidi Bou Ali,5.361727836017593
Apartment,3.0,1.0,100.0,126000.0,Sousse,Sousse Jawhara,5.1003705451175625
Apartment,4.0,3.0,200.0,420000.0,Sousse,Sousse Jawhara,5.623249290397901
Villa,4.0,2.0,260.0,240000.0,Sousse,Sousse Riadh,5.380211241711606
Apartment,3.0,1.0,240.0,480000.0,Sousse,Sousse,5.681241237375588
Apartment,2.0,1.0,92.0,231000.0,Sousse,Hergla,5.363611979892144
Apartment,2.0,1.0,125.0,300000.0,Sousse,Sahloul,5.477121254719663
Apartment,2.0,1.0,95.0,190000.0,Sousse,Hammam Sousse,5.278753600952829
Apartment,3.0,2.0,115.0,350000.0,Sousse,Hammam Sousse,5.544068044350276
Apartment,1.0,1.0,35.0,92000.0,Sousse,Akouda,4.963787827345556
Villa,2.0,1.0,109.0,130000.0,Sousse,Kalaâ Sghira,5.113943352306837
Apartment,1.0,1.0,50.0,190000.0,Sousse,Kantaoui,5.278753600952829
Apartment,2.0,1.0,105.0,201000.0,Sousse,Sousse,5.303196057420489
Apartment,3.0,3.0,137.0,339000.0,Sousse,Sahloul,5.5301996982030825
Apartment,2.0,1.0,87.0,236000.0,Sousse,Akouda,5.372912002970106
Villa,3.0,2.0,130.0,500000.0,Sousse,Akouda,5.698970004336019
Apartment,3.0,2.0,166.0,332000.0,Sousse,Sahloul,5.521138083704036
Apartment,1.0,1.0,30.0,100000.0,Sousse,Kantaoui,5.0
Apartment,3.0,1.0,100.0,360000.0,Sousse,Autres villes,5.556302500767287
Villa,3.0,2.0,220.0,350000.0,Sousse,Sahloul,5.544068044350276
Villa,1.0,1.0,532.0,170000.0,Sousse,Kalaâ Sghira,5.230448921378274
Apartment,2.0,1.0,90.0,95000.0,Sousse,Sahloul,4.977723605288848
Apartment,2.0,1.0,125.0,320000.0,Sousse,Sousse,5.505149978319906
Apartment,3.0,2.0,220.0,480000.0,Sousse,Hergla,5.681241237375588
Apartment,1.0,1.0,77.0,165000.0,Sousse,Sousse Jawhara,5.217483944213907
Villa,9.0,6.0,341.0,550000.0,Sousse,Sousse,5.740362689494244
Apartment,3.0,2.0,146.0,340000.0,Sousse,Sousse Jawhara,5.531478917042255
Villa,4.0,2.0,354.0,520000.0,Sousse,Hammam Sousse,5.7160033436348
Apartment,2.0,1.0,116.0,250000.0,Sousse,Sahloul,5.3979400086720375
Apartment,2.0,2.0,116.0,420000.0,Sousse,Akouda,5.623249290397901
Apartment,4.0,1.0,128.0,265000.0,Sousse,Sahloul,5.423245873936808
Apartment,3.0,2.0,156.0,290000.0,Sousse,Sahloul,5.4623979978989565
Apartment,2.0,1.0,99.0,128000.0,Sousse,Sousse Riadh,5.107209969647869
Villa,2.0,1.0,110.0,280000.0,Sousse,Kalaâ Kebira,5.447158031342219
Villa,3.0,2.0,180.0,250000.0,Sousse,Kalaâ Kebira,5.3979400086720375
Villa,1.0,1.0,94.0,35000.0,Sousse,Kalaâ Kebira,4.544068044350276
Villa,3.0,3.0,318.0,500000.0,Sousse,Hergla,5.698970004336019
Villa,4.0,2.0,240.0,270000.0,Sousse,Hammam Sousse,5.431363764158987
Apartment,1.0,1.0,38.0,145000.0,Sousse,Kantaoui,5.161368002234975
Villa,3.0,1.0,226.0,380000.0,Sousse,Sousse Jawhara,5.57978359661681
Apartment,3.0,3.0,170.0,445000.0,Sousse,Hammam Sousse,5.648360010980932
Apartment,3.0,2.0,192.0,400000.0,Sousse,Sahloul,5.6020599913279625
Villa,5.0,4.0,200.0,350000.0,Sousse,Sousse,5.544068044350276
Villa,2.0,1.0,100.0,80000.0,Sousse,Hammam Sousse,4.903089986991944
Apartment,2.0,2.0,136.0,185000.0,Sousse,Sahloul,5.267171728403014
Apartment,2.0,1.0,81.0,85000.0,Sousse,Sousse Riadh,4.929418925714293
Apartment,2.0,1.0,79.0,225000.0,Sousse,Sousse,5.352182518111363
Apartment,2.0,1.0,90.0,185000.0,Sousse,Akouda,5.267171728403014
Apartment,2.0,2.0,93.0,208000.0,Sousse,Sousse Jawhara,5.318063334962762
Apartment,4.0,1.0,100.0,185000.0,Sousse,Sousse Jawhara,5.267171728403014
Villa,3.0,1.0,296.0,320000.0,Sousse,Sousse Sidi Abdelhamid,5.505149978319906
Villa,3.0,1.0,532.0,950000.0,Sousse,Sousse Jawhara,5.977723605288848
Villa,3.0,1.0,400.0,600000.0,Sousse,Sahloul,5.778151250383644
Villa,3.0,1.0,400.0,800000.0,Sousse,Sahloul,5.903089986991944
Villa,3.0,1.0,470.0,320000.0,Sousse,Kalaâ Kebira,5.505149978319906
Villa,3.0,1.0,800.0,850000.0,Sousse,Sousse,5.929418925714293
Apartment,2.0,1.0,70.0,195000.0,Sousse,Kantaoui,5.290034611362518
Apartment,2.0,2.0,127.0,267000.0,Sousse,Sahloul,5.426511261364575
Apartment,3.0,2.0,172.0,378000.0,Sousse,Sahloul,5.577491799837225
Villa,2.0,1.0,200.0,380000.0,Sousse,Kalaâ Kebira,5.57978359661681
Apartment,2.0,1.0,85.0,75000.0,Sousse,Sousse Riadh,4.8750612633917
Villa,3.0,1.0,557.0,710000.0,Sousse,Sousse,5.851258348719076
Apartment,3.0,1.0,150.0,175000.0,Sousse,Sousse Jawhara,5.243038048686294
Villa,4.0,1.0,230.0,310000.0,Sousse,Sousse Jawhara,5.491361693834273
Apartment,3.0,2.0,150.0,350000.0,Sousse,Sousse Médina,5.544068044350276
Apartment,2.0,2.0,114.0,208000.0,Sousse,Sousse Jawhara,5.318063334962762
Apartment,3.0,2.0,145.0,122000.0,Sousse,Sousse Médina,5.086359830674748
Apartment,2.0,1.0,123.0,200000.0,Sousse,Kantaoui,5.301029995663981
Apartment,2.0,1.0,89.0,280000.0,Sousse,Akouda,5.447158031342219
Apartment,2.0,1.0,77.0,108000.0,Sousse,Sousse Riadh,5.033423755486949
Apartment,2.0,2.0,150.0,267000.0,Sousse,Sahloul,5.426511261364575
Apartment,2.0,1.0,85.0,90000.0,Sousse,Sousse Riadh,4.954242509439325
Villa,9.0,5.0,231.0,800000.0,Sousse,Akouda,5.903089986991944
Apartment,3.0,1.0,110.0,205000.0,Sousse,Hammam Sousse,5.311753861055754
Apartment,2.0,1.0,110.0,254000.0,Sousse,Sahloul,5.4048337166199385
Apartment,3.0,1.0,147.0,324000.0,Sousse,Sahloul,5.510545010206612
Apartment,3.0,2.0,157.0,380000.0,Sousse,Hammam Sousse,5.57978359661681
Apartment,2.0,1.0,115.0,222000.0,Sousse,Sousse,5.346352974450639
Apartment,3.0,3.0,155.0,392000.0,Sousse,Sahloul,5.593286067020458
Apartment,2.0,1.0,110.0,200000.0,Sousse,Akouda,5.301029995663981
Apartment,2.0,1.0,71.0,170000.0,Sousse,Hammam Sousse,5.230448921378274
Villa,4.0,2.0,130.0,165000.0,Sousse,Sousse Riadh,5.217483944213907
Apartment,2.0,1.0,141.0,275000.0,Sousse,Sahloul,5.439332693830263
Villa,2.0,1.0,109.0,130000.0,Sousse,Kalaâ Sghira,5.113943352306837
Apartment,2.0,1.0,100.0,140000.0,Sousse,Sousse,5.146128035678238
Apartment,1.0,1.0,91.0,255000.0,Sousse,Autres villes,5.406540180433956
Apartment,2.0,1.0,80.0,88000.0,Sousse,Hammam Sousse,4.944482672150168
Apartment,1.0,1.0,66.0,240000.0,Sousse,Kantaoui,5.380211241711606
Villa,2.0,2.0,350.0,380000.0,Sousse,Kalaâ Sghira,5.57978359661681
Villa,2.0,1.0,100.0,88000.0,Sousse,Hammam Sousse,4.944482672150168
Apartment,4.0,1.0,105.0,115000.0,Sousse,Sousse Médina,5.060697840353612
Apartment,1.0,1.0,71.0,145000.0,Sousse,Autres villes,5.161368002234975
Apartment,3.0,1.0,200.0,150000.0,Sousse,Autres villes,5.176091259055681
Apartment,3.0,1.0,82.0,80000.0,Sousse,Sousse Riadh,4.903089986991944
Villa,3.0,2.0,150.0,220000.0,Sousse,Sousse Médina,5.342422680822207
Apartment,4.0,1.0,110.0,110000.0,Sousse,Autres villes,5.041392685158225
Apartment,1.0,1.0,65.0,185000.0,Sousse,Sousse Jawhara,5.267171728403014
Villa,4.0,2.0,200.0,175000.0,Sousse,M'saken,5.243038048686294
Apartment,3.0,1.0,122.0,158000.0,Sousse,Sousse Riadh,5.198657086954422
Villa,6.0,2.0,600.0,800000.0,Sousse,Sahloul,5.903089986991944
Apartment,2.0,2.0,100.0,145000.0,Sousse,Sahloul,5.161368002234975
Apartment,2.0,1.0,105.0,219000.0,Sousse,Hergla,5.340444114840119
Villa,7.0,3.0,480.0,550000.0,Sousse,Hammam Sousse,5.740362689494244
Apartment,2.0,1.0,102.0,170000.0,Sousse,Hammam Sousse,5.230448921378274
Apartment,2.0,1.0,95.0,225000.0,Sousse,Hammam Sousse,5.352182518111363
Apartment,1.0,1.0,45.0,135000.0,Sousse,Akouda,5.130333768495007
Apartment,1.0,1.0,56.0,215000.0,Sousse,Akouda,5.332438459915605
Apartment,3.0,1.0,129.0,175000.0,Sousse,Sousse Jawhara,5.243038048686294
Villa,4.0,2.0,154.0,235000.0,Sousse,Sousse Riadh,5.371067862271736
Villa,3.0,1.0,156.0,235000.0,Sousse,Sahloul,5.371067862271736
Villa,3.0,1.0,292.0,300000.0,Sousse,Hammam Sousse,5.477121254719663
Apartment,4.0,2.0,250.0,420000.0,Sousse,Sahloul,5.623249290397901
Villa,5.0,3.0,440.0,1150000.0,Sousse,Sousse Jawhara,6.060697840353612
Villa,6.0,2.0,608.0,1000000.0,Sousse,Hammam Sousse,6.0
Villa,3.0,1.0,200.0,225000.0,Sousse,Zaouit-Ksibat Thrayett,5.352182518111363
Villa,2.0,1.0,120.0,75000.0,Sousse,Sidi Bou Ali,4.8750612633917
Villa,6.0,2.0,460.0,800000.0,Sousse,Sousse Jawhara,5.903089986991944
Apartment,2.0,1.0,108.0,362000.0,Sousse,Kantaoui,5.558708570533166
Apartment,1.0,1.0,77.0,165000.0,Sousse,Sousse,5.217483944213907
Villa,4.0,2.0,400.0,850000.0,Sousse,Autres villes,5.929418925714293
Villa,5.0,1.0,150.0,130000.0,Sousse,Sousse Riadh,5.113943352306837
Apartment,2.0,2.0,100.0,240000.0,Sousse,Sahloul,5.380211241711606
Apartment,2.0,1.0,126.0,250000.0,Sousse,Sahloul,5.3979400086720375
Apartment,1.0,1.0,73.0,175000.0,Sousse,Sousse Jawhara,5.243038048686294
Apartment,3.0,2.0,123.0,320000.0,Sousse,Sahloul,5.505149978319906
Apartment,3.0,2.0,143.0,317000.0,Sousse,Sahloul,5.501059262217751
Villa,3.0,2.0,354.0,520000.0,Sousse,Hammam Sousse,5.7160033436348
Apartment,2.0,1.0,100.0,75000.0,Sousse,Sousse,4.8750612633917
Apartment,3.0,2.0,97.0,250000.0,Sousse,Autres villes,5.3979400086720375
Villa,3.0,1.0,810.0,3000000.0,Sousse,Hammam Sousse,6.477121254719663
Villa,3.0,1.0,400.0,800000.0,Sousse,Sahloul,5.903089986991944
Apartment,3.0,1.0,450.0,950000.0,Sousse,Sousse,5.977723605288848
Apartment,2.0,1.0,120.0,220000.0,Sousse,Hammam Sousse,5.342422680822207
Apartment,1.0,1.0,80.0,125000.0,Sousse,Hammam Sousse,5.096910013008056
Apartment,2.0,1.0,125.0,290000.0,Sousse,Sousse Jawhara,5.4623979978989565
Apartment,1.0,1.0,91.0,270000.0,Sousse,Akouda,5.431363764158987
Villa,4.0,2.0,122.0,250000.0,Sousse,Sousse Riadh,5.3979400086720375
Apartment,3.0,1.0,120.0,430000.0,Sousse,Kantaoui,5.633468455579586
Apartment,2.0,1.0,91.0,145000.0,Sousse,Sousse,5.161368002234975
Villa,3.0,2.0,320.0,250000.0,Sousse,Sousse Jawhara,5.3979400086720375
Apartment,2.0,1.0,105.0,168000.0,Sousse,Sousse Jawhara,5.225309281725863
Villa,4.0,2.0,400.0,600000.0,Sousse,Sahloul,5.778151250383644
Villa,8.0,2.0,400.0,350000.0,Sousse,Enfidha,5.544068044350276
Apartment,4.0,1.0,160.0,160000.0,Sousse,Zaouit-Ksibat Thrayett,5.204119982655925
Villa,3.0,1.0,300.0,1200000.0,Sousse,Sahloul,6.079181246047625
Apartment,3.0,1.0,100.0,220000.0,Sousse,Hammam Sousse,5.342422680822207
Apartment,2.0,1.0,110.0,255270.0,Sousse,Sahloul,5.406999778376446
Villa,2.0,1.0,1700.0,4500000.0,Sousse,Akouda,6.653212513775344
Apartment,3.0,1.0,127.0,290000.0,Sousse,Kantaoui,5.4623979978989565
Apartment,2.0,1.0,80.0,155000.0,Sousse,Hammam Sousse,5.190331698170292
Apartment,2.0,1.0,90.0,175000.0,Sousse,Hammam Sousse,5.243038048686294
Villa,3.0,1.0,127.0,180000.0,Sousse,Sousse Riadh,5.2552725051033065
Villa,3.0,2.0,220.0,400000.0,Sousse,Sousse Médina,5.6020599913279625
Apartment,3.0,2.0,115.0,1670000.0,Sousse,Autres villes,6.222716471147583
Apartment,4.0,2.0,200.0,460000.0,Sousse,Sousse Jawhara,5.662757831681574
Apartment,2.0,1.0,110.0,140000.0,Sousse,Sousse Jawhara,5.146128035678238
Apartment,1.0,1.0,65.0,155000.0,Sousse,Sahloul,5.190331698170292
Apartment,1.0,1.0,52.0,135000.0,Sousse,Sousse,5.130333768495007
Villa,2.0,1.0,115.0,400000.0,Sousse,Sousse Riadh,5.6020599913279625
Villa,6.0,2.0,360.0,180000.0,Sousse,Autres villes,5.2552725051033065
Villa,9.0,3.0,450.0,660000.0,Sousse,Sousse Riadh,5.819543935541868
Apartment,3.0,1.0,130.0,220000.0,Sousse,Akouda,5.342422680822207
Villa,4.0,2.0,400.0,1900000.0,Sousse,Kantaoui,6.278753600952829
Apartment,2.0,1.0,111.0,210000.0,Sousse,Sahloul,5.32221929473392
Apartment,2.0,1.0,117.0,240000.0,Sousse,Sahloul,5.380211241711606
Apartment,2.0,1.0,77.0,95500.0,Sousse,Sousse Riadh,4.980003371583746
Apartment,1.0,1.0,59.0,120000.0,Sousse,Hergla,5.079181246047625
Villa,3.0,1.0,130.0,65000.0,Sousse,Kalaâ Kebira,4.812913356642856
Apartment,2.0,2.0,120.0,250000.0,Sousse,Sousse,5.3979400086720375
Apartment,3.0,3.0,166.0,360000.0,Sousse,Sahloul,5.556302500767287
Villa,5.0,3.0,415.0,750000.0,Sousse,Kantaoui,5.8750612633917
Apartment,2.0,1.0,134.0,215000.0,Sousse,Hammam Sousse,5.332438459915605
Villa,4.0,1.0,519.0,920000.0,Sousse,Sousse,5.963787827345556
Villa,3.0,1.0,215.0,255000.0,Sousse,Autres villes,5.406540180433956
Villa,8.0,5.0,236.0,450000.0,Sousse,Hammam Sousse,5.653212513775344
Villa,2.0,1.0,276.0,340000.0,Sousse,Hammam Sousse,5.531478917042255
Apartment,3.0,2.0,145.0,350000.0,Sousse,Akouda,5.544068044350276
Apartment,2.0,1.0,128.0,205000.0,Sousse,Hergla,5.311753861055754
Apartment,2.0,1.0,140.0,250000.0,Sousse,Hammam Sousse,5.3979400086720375
Apartment,3.0,2.0,128.0,250000.0,Sousse,Sahloul,5.3979400086720375
Villa,4.0,1.0,200.0,590000.0,Sousse,Akouda,5.770852011642144
Apartment,2.0,2.0,111.0,222000.0,Sousse,Sousse Jawhara,5.346352974450639
Villa,7.0,3.0,280.0,840000.0,Sousse,Sahloul,5.924279286061882
Villa,2.0,1.0,600.0,10000000.0,Sousse,Sousse,7.0
Villa,3.0,1.0,400.0,800000.0,Sousse,Sousse Jawhara,5.903089986991944
Apartment,2.0,1.0,80.0,85000.0,Sousse,Sousse,4.929418925714293
Apartment,2.0,1.0,105.0,200000.0,Sousse,Sousse,5.301029995663981
Apartment,3.0,2.0,136.0,330000.0,Sousse,Akouda,5.518513939877887
Apartment,3.0,1.0,136.0,339000.0,Sousse,Sousse Jawhara,5.5301996982030825
Apartment,2.0,1.0,85.0,65000.0,Sousse,Sousse Riadh,4.812913356642856
Villa,3.0,1.0,115.0,128000.0,Sousse,Sousse Riadh,5.107209969647869
Villa,2.0,1.0,135.0,175000.0,Sousse,Akouda,5.243038048686294
Apartment,1.0,1.0,54.0,140000.0,Sousse,Hammam Sousse,5.146128035678238
Apartment,4.0,1.0,141.0,215000.0,Sousse,Sousse Riadh,5.332438459915605
Villa,7.0,5.0,678.0,1118700.0,Sousse,Sousse,6.04871363808097
Apartment,3.0,1.0,86.0,76000.0,Sousse,Sousse Riadh,4.880813592280791
Apartment,3.0,2.0,147.0,325000.0,Sousse,Sahloul,5.511883360978874
Villa,7.0,2.0,110.0,156000.0,Sousse,Sousse Sidi Abdelhamid,5.193124598354461
Villa,10.0,5.0,435.0,1400000.0,Sousse,Sahloul,6.146128035678238
Villa,3.0,1.0,285.0,320000.0,Sousse,Autres villes,5.505149978319906
Villa,3.0,1.0,400.0,850000.0,Sousse,Akouda,5.929418925714293
Villa,4.0,1.0,250.0,250000.0,Sousse,Autres villes,5.3979400086720375
Villa,3.0,1.0,300.0,350000.0,Sousse,Sousse,5.544068044350276
Apartment,2.0,1.0,110.0,195000.0,Sousse,Hammam Sousse,5.290034611362518
Villa,5.0,3.0,600.0,900000.0,Sousse,Sahloul,5.954242509439325
Villa,3.0,1.0,397.0,420000.0,Sousse,Sousse,5.623249290397901
Apartment,2.0,1.0,90.0,150000.0,Sousse,Akouda,5.176091259055681
Apartment,3.0,2.0,200.0,460000.0,Sousse,Sousse Jawhara,5.662757831681574
Apartment,2.0,1.0,130.0,300000.0,Sousse,Sousse Jawhara,5.477121254719663
Apartment,1.0,1.0,65.0,185000.0,Sousse,Sousse Jawhara,5.267171728403014
Apartment,2.0,1.0,85.0,145000.0,Sousse,Hammam Sousse,5.161368002234975
Villa,2.0,2.0,590.0,250000.0,Sousse,Hergla,5.3979400086720375
Apartment,2.0,1.0,105.0,200000.0,Sousse,Sousse,5.301029995663981
Apartment,3.0,2.0,145.0,390000.0,Sousse,Sousse,5.5910646070265
Apartment,1.0,1.0,77.0,165000.0,Sousse,Sousse,5.217483944213907
Villa,6.0,3.0,1400.0,4000000.0,Sousse,Kantaoui,6.6020599913279625
Apartment,1.0,1.0,65.0,145000.0,Sousse,Hammam Sousse,5.161368002234975
Villa,4.0,1.0,460.0,800000.0,Sousse,Sousse Jawhara,5.903089986991944
Apartment,1.0,1.0,39.0,90000.0,Sousse,Sousse,4.954242509439325
Villa,2.0,1.0,530.0,750000.0,Sousse,Sousse Jawhara,5.8750612633917
Apartment,2.0,1.0,93.0,155000.0,Sousse,Hergla,5.190331698170292
Apartment,2.0,1.0,95.0,275000.0,Sousse,Sousse Jawhara,5.439332693830263
Apartment,1.0,1.0,63.0,120000.0,Sousse,Hergla,5.079181246047625
Apartment,1.0,1.0,54.0,140000.0,Sousse,Sousse Jawhara,5.146128035678238
Villa,3.0,2.0,230.0,150000.0,Sousse,Sousse,5.176091259055681
Apartment,2.0,1.0,67.0,220000.0,Sousse,Autres villes,5.342422680822207
Apartment,2.0,2.0,63.0,250000.0,Sousse,Kantaoui,5.3979400086720375
Apartment,1.0,1.0,60.0,90000.0,Sousse,Sousse,4.954242509439325
Apartment,2.0,1.0,135.0,280000.0,Sousse,Sahloul,5.447158031342219
Apartment,3.0,1.0,168.0,380000.0,Sousse,Sousse Jawhara,5.57978359661681
Apartment,2.0,1.0,150.0,267000.0,Sousse,Sahloul,5.426511261364575
Apartment,2.0,1.0,95.0,225000.0,Sousse,Akouda,5.352182518111363
Apartment,1.0,1.0,95.0,200000.0,Sousse,Sahloul,5.301029995663981
Apartment,2.0,1.0,110.0,254000.0,Sousse,Sahloul,5.4048337166199385
Apartment,2.0,1.0,110.0,246000.0,Sousse,Sahloul,5.390935107103379
Apartment,3.0,1.0,130.0,285000.0,Sousse,Sousse Jawhara,5.45484486000851
Apartment,3.0,2.0,123.0,320000.0,Sousse,Sahloul,5.505149978319906
Apartment,3.0,1.0,100.0,95000.0,Sousse,Autres villes,4.977723605288848
Apartment,2.0,1.0,90.0,127000.0,Sousse,Sahloul,5.103803720955957
Villa,3.0,1.0,362.0,130000.0,Sousse,Kalaâ Sghira,5.113943352306837
Apartment,2.0,1.0,87.0,99000.0,Sousse,Sousse Sidi Abdelhamid,4.99563519459755
Villa,5.0,2.0,1020.0,1580000.0,Sousse,Kantaoui,6.198657086954422
Apartment,1.0,1.0,52.0,136000.0,Sousse,Akouda,5.133538908370218
Apartment,2.0,1.0,70.0,155000.0,Sousse,Akouda,5.190331698170292
Apartment,2.0,1.0,105.0,200000.0,Sousse,Sousse,5.301029995663981
Apartment,2.0,1.0,75.0,220000.0,Sousse,Akouda,5.342422680822207
Villa,4.0,3.0,430.0,650000.0,Sousse,Akouda,5.812913356642856
Villa,3.0,2.0,320.0,470000.0,Sousse,Akouda,5.672097857935717
Apartment,2.0,1.0,120.0,320000.0,Sousse,Sousse Jawhara,5.505149978319906
Villa,5.0,2.0,500.0,1207000.0,Sousse,Sousse,6.08170727009735
Apartment,3.0,1.0,90.0,160000.0,Sousse,Sousse Médina,5.204119982655925
Apartment,2.0,1.0,100.0,110000.0,Sousse,Hammam Sousse,5.041392685158225
Apartment,2.0,2.0,120.0,135000.0,Sousse,Sousse,5.130333768495007
Villa,3.0,2.0,400.0,580000.0,Sousse,Akouda,5.763427993562937
Apartment,2.0,1.0,100.0,320000.0,Sousse,Sousse Jawhara,5.505149978319906
Apartment,3.0,2.0,122.0,158000.0,Sousse,Sousse Riadh,5.198657086954422
Apartment,2.0,1.0,70.0,75000.0,Sousse,Kalaâ Sghira,4.8750612633917
Apartment,3.0,1.0,240.0,480000.0,Sousse,Sousse,5.681241237375588
Apartment,2.0,1.0,125.0,300000.0,Sousse,Sahloul,5.477121254719663
Apartment,2.0,1.0,140.0,250000.0,Sousse,Hammam Sousse,5.3979400086720375
Apartment,2.0,1.0,120.0,190000.0,Sousse,Hammam Sousse,5.278753600952829
Apartment,2.0,1.0,100.0,185000.0,Sousse,Sahloul,5.267171728403014
Apartment,2.0,1.0,97.0,420000.0,Sousse,Akouda,5.623249290397901
Apartment,2.0,1.0,109.0,180000.0,Sousse,Hergla,5.2552725051033065
Villa,6.0,2.0,260.0,350000.0,Sousse,Sousse,5.544068044350276
Villa,4.0,1.0,260.0,350000.0,Sousse,Sahloul,5.544068044350276
Apartment,3.0,1.0,95.0,160000.0,Sousse,Sousse Jawhara,5.204119982655925
Apartment,2.0,1.0,106.0,226000.0,Sousse,Hergla,5.354108439147401
Apartment,2.0,2.0,134.0,260000.0,Sousse,Sahloul,5.414973347970818
Villa,3.0,1.0,280.0,350000.0,Sousse,M'saken,5.544068044350276
Apartment,2.0,1.0,110.0,230000.0,Sousse,Hammam Sousse,5.361727836017593
Apartment,3.0,1.0,200.0,670000.0,Sousse,Sahloul,5.826074802700826
Apartment,2.0,1.0,100.0,285000.0,Sousse,Kantaoui,5.45484486000851
Apartment,2.0,1.0,87.0,135000.0,Sousse,Sahloul,5.130333768495007
Apartment,4.0,2.0,100.0,110000.0,Sousse,Sousse Sidi Abdelhamid,5.041392685158225
Villa,7.0,3.0,97.0,285000.0,Sousse,Sousse Riadh,5.45484486000851
Apartment,1.0,1.0,85.0,85000.0,Sousse,Sousse Sidi Abdelhamid,4.929418925714293
Villa,6.0,2.0,250.0,255000.0,Sousse,Sousse,5.406540180433956
Apartment,1.0,1.0,77.0,165000.0,Sousse,Sousse,5.217483944213907
Apartment,1.0,1.0,75.0,190000.0,Sousse,Sousse Jawhara,5.278753600952829
Apartment,3.0,1.0,140.0,320000.0,Sousse,Hammam Sousse,5.505149978319906
Apartment,2.0,1.0,136.0,244000.0,Sousse,Hergla,5.38738982633873
Apartment,2.0,1.0,126.0,250000.0,Sousse,Sahloul,5.3979400086720375
Villa,2.0,1.0,600.0,820000.0,Sousse,Sousse,5.913813852383717
Villa,3.0,3.0,352.0,500000.0,Sousse,Hammam Sousse,5.698970004336019
Villa,3.0,2.0,810.0,3000000.0,Sousse,Hammam Sousse,6.477121254719663
Apartment,2.0,1.0,120.0,175000.0,Sousse,Sahloul,5.243038048686294
Apartment,3.0,2.0,140.0,185000.0,Sousse,Sousse Jawhara,5.267171728403014
Apartment,2.0,1.0,95.0,168000.0,Sousse,Hammam Sousse,5.225309281725863
Apartment,2.0,1.0,48.0,145000.0,Sousse,Sousse,5.161368002234975
Apartment,3.0,2.0,127.0,215000.0,Sousse,Hergla,5.332438459915605
Apartment,4.0,1.0,136.0,290000.0,Sousse,Autres villes,5.4623979978989565
Apartment,4.0,1.0,100.0,163000.0,Sousse,Autres villes,5.212187604403958
Apartment,4.0,1.0,137.0,190000.0,Sousse,Hammam Sousse,5.278753600952829
Apartment,3.0,1.0,120.0,180000.0,Sousse,Hammam Sousse,5.2552725051033065
Villa,6.0,2.0,419.0,945000.0,Sousse,Autres villes,5.975431808509263
Villa,3.0,1.0,400.0,800000.0,Sousse,Sahloul,5.903089986991944
Villa,4.0,1.0,270.0,550000.0,Sousse,Sahloul,5.740362689494244
Villa,2.0,1.0,530.0,750000.0,Sousse,Sousse,5.8750612633917
Apartment,3.0,1.0,165.0,370000.0,Sousse,Sousse,5.568201724066995
Apartment,2.0,1.0,100.0,240000.0,Sousse,Sousse,5.380211241711606
Villa,2.0,1.0,247.0,160000.0,Sousse,Sousse Sidi Abdelhamid,5.204119982655925
Apartment,2.0,1.0,90.0,130000.0,Sousse,Sousse Jawhara,5.113943352306837
Apartment,2.0,1.0,104.0,200000.0,Sousse,Sousse,5.301029995663981
Apartment,2.0,2.0,120.0,135000.0,Sousse,Sousse,5.130333768495007
Apartment,2.0,2.0,115.0,300000.0,Sousse,Akouda,5.477121254719663
Villa,2.0,1.0,110.0,140000.0,Sousse,Sousse,5.146128035678238
Villa,3.0,1.0,300.0,500000.0,Sousse,Sousse,5.698970004336019
Villa,6.0,3.0,527.0,650000.0,Sousse,Sousse Jawhara,5.812913356642856
Apartment,2.0,1.0,140.0,245000.0,Sousse,Hammam Sousse,5.389166084364533
Villa,3.0,1.0,410.0,400000.0,Sousse,Sousse,5.6020599913279625
Villa,2.0,1.0,300.0,450000.0,Sousse,Hergla,5.653212513775344
Apartment,2.0,1.0,100.0,650000.0,Sousse,Sousse Sidi Abdelhamid,5.812913356642856
Apartment,3.0,2.0,150.0,340000.0,Sousse,Sousse,5.531478917042255
Apartment,2.0,1.0,96.0,220000.0,Sousse,Kantaoui,5.342422680822207
Villa,3.0,2.0,350.0,520000.0,Sousse,Hammam Sousse,5.7160033436348
Apartment,2.0,1.0,85.0,230000.0,Sousse,Akouda,5.361727836017593
Apartment,1.0,1.0,40.0,140000.0,Sousse,Kantaoui,5.146128035678238
Apartment,2.0,1.0,116.0,250000.0,Sousse,Sahloul,5.3979400086720375
Villa,5.0,1.0,180.0,160000.0,Sousse,Sousse Médina,5.204119982655925
Apartment,2.0,1.0,66.0,140000.0,Sousse,Autres villes,5.146128035678238
Villa,2.0,1.0,120.0,75000.0,Sousse,Kalaâ Sghira,4.8750612633917
Apartment,2.0,1.0,140.0,320000.0,Sousse,Sousse,5.505149978319906
Apartment,1.0,2.0,45.0,235000.0,Sousse,Hammam Sousse,5.371067862271736
Apartment,2.0,1.0,104.0,170000.0,Sousse,Kantaoui,5.230448921378274
Villa,4.0,2.0,310.0,550000.0,Sousse,Hammam Sousse,5.740362689494244
Apartment,1.0,1.0,35.0,185000.0,Sousse,Hammam Sousse,5.267171728403014
Villa,4.0,6.0,1799.0,2046800.0,Sousse,Kantaoui,6.31107540830008
Villa,3.0,2.0,200.0,36000.0,Sousse,Zaouit-Ksibat Thrayett,4.556302500767287
Villa,4.0,2.0,270.0,270000.0,Sousse,Autres villes,5.431363764158987
Villa,2.0,1.0,200.0,410000.0,Sousse,Autres villes,5.612783856719736
Apartment,2.0,1.0,125.0,300000.0,Sousse,Sahloul,5.477121254719663
Apartment,1.0,1.0,55.0,100000.0,Sousse,Hergla,5.0
Apartment,2.0,1.0,100.0,230000.0,Sousse,Sousse Jawhara,5.361727836017593
Apartment,1.0,1.0,105.0,180000.0,Sousse,Sousse Jawhara,5.2552725051033065
Villa,3.0,1.0,492.0,370000.0,Sousse,Kalaâ Sghira,5.568201724066995
Villa,3.0,1.0,400.0,400000.0,Sousse,Kalaâ Sghira,5.6020599913279625
Villa,5.0,2.0,800.0,750000.0,Sousse,Sousse Jawhara,5.8750612633917
Apartment,2.0,2.0,90.0,370000.0,Sousse,Akouda,5.568201724066995
Villa,3.0,1.0,120.0,110000.0,Sousse,Zaouit-Ksibat Thrayett,5.041392685158225
Villa,4.0,3.0,500.0,750000.0,Sousse,Sousse Jawhara,5.8750612633917
Villa,3.0,1.0,200.0,345000.0,Sousse,Hammam Sousse,5.537819095073274
Villa,4.0,3.0,450.0,590000.0,Sousse,Kalaâ Kebira,5.770852011642144
Apartment,4.0,1.0,155.0,220000.0,Sousse,Sousse,5.342422680822207
Apartment,2.0,1.0,91.0,175000.0,Sousse,Sousse,5.243038048686294
Villa,6.0,2.0,135.0,96000.0,Sousse,Akouda,4.982271233039568
Apartment,1.0,1.0,52.0,195000.0,Sousse,Sousse,5.290034611362518
Apartment,3.0,2.0,250.0,1100000.0,Sousse,Hammam Sousse,6.041392685158225
Apartment,3.0,2.0,130.0,300000.0,Sousse,Hammam Sousse,5.477121254719663
Villa,5.0,3.0,400.0,580000.0,Sousse,Akouda,5.763427993562937
Apartment,2.0,1.0,120.0,250000.0,Sousse,Hammam Sousse,5.3979400086720375
Apartment,3.0,2.0,200.0,480000.0,Sousse,Sahloul,5.681241237375588
Villa,2.0,1.0,150.0,200000.0,Sousse,Autres villes,5.301029995663981
Villa,3.0,1.0,260.0,280000.0,Sousse,Sousse Jawhara,5.447158031342219
Apartment,2.0,1.0,80.0,135000.0,Sousse,Kantaoui,5.130333768495007
Apartment,1.0,1.0,45.0,145000.0,Sousse,Kantaoui,5.161368002234975
Apartment,1.0,1.0,52.0,70000.0,Sousse,Hammam Sousse,4.845098040014257
Apartment,4.0,1.0,195.0,300000.0,Sousse,Sousse Jawhara,5.477121254719663
Apartment,1.0,1.0,76.0,650000.0,Sousse,Sahloul,5.812913356642856
Apartment,3.0,1.0,200.0,300000.0,Sousse,Kalaâ Sghira,5.477121254719663
Apartment,1.0,1.0,55.0,185000.0,Sousse,Sousse,5.267171728403014
Villa,3.0,2.0,400.0,600000.0,Sousse,Sahloul,5.778151250383644
Villa,3.0,1.0,267.0,200000.0,Sousse,Hammam Sousse,5.301029995663981
Villa,5.0,4.0,810.0,3000000.0,Sousse,Kantaoui,6.477121254719663
Villa,4.0,3.0,470.0,320000.0,Sousse,Kalaâ Kebira,5.505149978319906
Villa,3.0,2.0,217.0,650000.0,Sousse,Sahloul,5.812913356642856
Apartment,2.0,1.0,105.0,200000.0,Sousse,Sousse,5.301029995663981
Apartment,2.0,1.0,152.0,150000.0,Sousse,Sousse Riadh,5.176091259055681
Villa,4.0,1.0,250.0,250000.0,Sousse,Autres villes,5.3979400086720375
Apartment,3.0,2.0,113.0,360000.0,Sousse,Hammam Sousse,5.556302500767287
Villa,4.0,1.0,400.0,520000.0,Sousse,Sahloul,5.7160033436348
Villa,5.0,3.0,511.0,920000.0,Sousse,Sousse Jawhara,5.963787827345556
Apartment,2.0,1.0,97.0,130000.0,Sousse,Hammam Sousse,5.113943352306837
Villa,3.0,2.0,400.0,800000.0,Sousse,Sousse Jawhara,5.903089986991944
Apartment,3.0,2.0,165.0,340000.0,Sousse,Sousse,5.531478917042255
Villa,5.0,1.0,170.0,220000.0,Sousse,Sousse Sidi Abdelhamid,5.342422680822207
Apartment,2.0,1.0,150.0,360000.0,Sousse,Sousse,5.556302500767287
Apartment,3.0,1.0,220.0,620000.0,Sousse,Hammam Sousse,5.792391689498253
Villa,3.0,1.0,180.0,400000.0,Sousse,Sousse,5.6020599913279625
Villa,5.0,3.0,570.0,700000.0,Sousse,Sousse,5.845098040014257
Apartment,3.0,1.0,170.0,220000.0,Sousse,Sousse Jawhara,5.342422680822207
Apartment,3.0,2.0,180.0,2500000.0,Sousse,Sousse,6.3979400086720375
Apartment,3.0,2.0,115.0,340000.0,Sousse,Sahloul,5.531478917042255
Apartment,2.0,1.0,110.0,210000.0,Sousse,Autres villes,5.32221929473392
Villa,3.0,1.0,140.0,185000.0,Sousse,Kantaoui,5.267171728403014
Apartment,2.0,1.0,100.0,165000.0,Sousse,Hammam Sousse,5.217483944213907
Apartment,3.0,2.0,97.0,135000.0,Sousse,Hammam Sousse,5.130333768495007
Apartment,2.0,1.0,105.0,196000.0,Sousse,Sousse,5.292256071356476
Villa,4.0,4.0,724.0,1450000.0,Sousse,Hammam Sousse,6.161368002234975
Villa,6.0,2.0,550.0,400000.0,Sousse,M'saken,5.6020599913279625
Apartment,2.0,1.0,100.0,240000.0,Sousse,Akouda,5.380211241711606
Apartment,1.0,1.0,65.0,185000.0,Sousse,Sousse Jawhara,5.267171728403014
Villa,2.0,1.0,117.0,340000.0,Sousse,Sousse,5.531478917042255
Villa,9.0,1.0,120.0,190000.0,Sousse,Sousse Jawhara,5.278753600952829
Villa,7.0,4.0,445.0,650000.0,Sousse,M'saken,5.812913356642856
Apartment,3.0,3.0,192.0,410000.0,Sousse,Sahloul,5.612783856719736
Villa,4.0,3.0,218.0,540000.0,Sousse,Sahloul,5.732393759822968
Villa,2.0,2.0,85.0,185000.0,Sousse,Sousse,5.267171728403014
Apartment,2.0,1.0,55.0,195000.0,Sousse,Sousse,5.290034611362518
Villa,4.0,1.0,195.0,320000.0,Sousse,Sousse Jawhara,5.505149978319906
Apartment,2.0,1.0,110.0,295000.0,Sousse,Sousse,5.469822015978163
Apartment,1.0,1.0,52.0,70000.0,Sousse,Hammam Sousse,4.845098040014257
Apartment,1.0,1.0,65.0,98000.0,Sousse,Hammam Sousse,4.991226075692495
Apartment,1.0,1.0,70.0,450000.0,Sousse,Kantaoui,5.653212513775344
Villa,2.0,1.0,2000.0,380000.0,Sousse,Kalaâ Kebira,5.57978359661681
Villa,3.0,1.0,535.0,500000.0,Sousse,Sousse,5.698970004336019
Villa,5.0,2.0,470.0,650000.0,Sousse,Hammam Sousse,5.812913356642856
Apartment,1.0,1.0,67.0,145000.0,Sousse,Hergla,5.161368002234975
Apartment,2.0,1.0,105.0,200000.0,Sousse,Sousse,5.301029995663981
Apartment,3.0,2.0,140.0,320000.0,Sousse,Autres villes,5.505149978319906
Villa,2.0,1.0,160.0,140000.0,Sousse,Sousse Riadh,5.146128035678238
Villa,3.0,2.0,330.0,370000.0,Sousse,Sousse Médina,5.568201724066995
Villa,3.0,2.0,217.0,650000.0,Sousse,Sahloul,5.812913356642856
Apartment,2.0,1.0,105.0,196000.0,Sousse,Sousse,5.292256071356476
Villa,3.0,1.0,273.0,265000.0,Sousse,Hergla,5.423245873936808
Villa,10.0,4.0,800.0,590000.0,Sousse,Kalaâ Kebira,5.770852011642144
Apartment,3.0,1.0,260.0,280000.0,Sousse,Sousse,5.447158031342219
Villa,8.0,4.0,383.0,1050000.0,Sousse,Akouda,6.021189299069938
Apartment,2.0,2.0,125.0,320000.0,Sousse,Sousse Jawhara,5.505149978319906
Villa,4.0,2.0,220.0,160000.0,Tataouine,Autres villes,5.204119982655925
Villa,4.0,2.0,400.0,50000.0,Tataouine,Tataouine Nord,4.698970004336019
Villa,3.0,1.0,482.0,220000.0,Tataouine,Tataouine Nord,5.342422680822207
Villa,3.0,1.0,112.0,180000.0,Tataouine,Tataouine Nord,5.2552725051033065
Villa,5.0,2.0,300.0,200000.0,Tataouine,Tataouine Nord,5.301029995663981
Villa,4.0,2.0,240.0,170000.0,Tataouine,Ghomrassen,5.230448921378274
Villa,3.0,1.0,210.0,130000.0,Tataouine,Ghomrassen,5.113943352306837
Villa,6.0,4.0,148.0,250000.0,Tozeur,Autres villes,5.3979400086720375
Villa,3.0,1.0,289.0,50000.0,Tozeur,Autres villes,4.698970004336019
Villa,10.0,4.0,160.0,200000.0,Tozeur,Tozeur,5.301029995663981
Villa,5.0,2.0,250.0,170000.0,Tozeur,Nefta,5.230448921378274
Villa,3.0,1.0,200.0,120000.0,Tozeur,Tozeur,5.079181246047625
Villa,6.0,2.0,123.0,170000.0,Tozeur,Autres villes,5.230448921378274
Villa,3.0,1.0,269.0,270000.0,Zaghouan,Zaghouan,5.431363764158987
Villa,4.0,2.0,200.0,280000.0,Zaghouan,Zaghouan,5.447158031342219
Villa,3.0,3.0,300.0,50000.0,Zaghouan,Autres villes,4.698970004336019
Villa,6.0,3.0,200.0,320000.0,Zaghouan,Zaghouan,5.505149978319906
Apartment,2.0,1.0,80.0,180000.0,Zaghouan,Autres villes,5.2552725051033065
Villa,3.0,1.0,230.0,75000.0,Zaghouan,Zaghouan,4.8750612633917
Villa,3.0,2.0,120.0,110000.0,Zaghouan,Zaghouan,5.041392685158225
Villa,3.0,1.0,100.0,80000.0,Zaghouan,Autres villes,4.903089986991944
Villa,5.0,2.0,640.0,250000.0,Zaghouan,Zaghouan,5.3979400086720375
Villa,5.0,1.0,312.0,250000.0,Zaghouan,Zaghouan,5.3979400086720375
Villa,3.0,1.0,220.0,220000.0,Zaghouan,Zaghouan,5.342422680822207
Villa,2.0,1.0,150.0,75000.0,Zaghouan,Ez-Zeriba,4.8750612633917
Villa,3.0,1.0,100.0,80000.0,Zaghouan,Autres villes,4.903089986991944
Villa,4.0,2.0,250.0,160000.0,Zaghouan,Autres villes,5.204119982655925
Villa,4.0,1.0,120.0,120000.0,Zaghouan,Ez-Zeriba,5.079181246047625
Villa,5.0,1.0,200.0,50000.0,Zaghouan,El Fahs,4.698970004336019
Villa,4.0,1.0,300.0,120000.0,Zaghouan,El Fahs,5.079181246047625
Villa,2.0,1.0,110.0,65000.0,Zaghouan,Bir Mchergua,4.812913356642856
Villa,1.0,1.0,80.0,85000.0,Zaghouan,Zaghouan,4.929418925714293
Villa,4.0,2.0,300.0,55000.0,Zaghouan,Saouaf,4.740362689494244
Villa,4.0,1.0,200.0,240000.0,Zaghouan,Autres villes,5.380211241711606
Villa,4.0,3.0,250.0,160000.0,Zaghouan,Autres villes,5.204119982655925
Villa,4.0,1.0,120.0,160000.0,Zaghouan,Ez-Zeriba,5.204119982655925
Villa,4.0,1.0,140.0,160000.0,Zaghouan,Zaghouan,5.204119982655925
Villa,3.0,1.0,170.0,90000.0,Sfax,Sfax,4.954242509439325
Apartment,3.0,1.0,68.0,60000.0,Sfax,Route Soukra,4.778151250383644
Apartment,1.0,1.0,52.0,114000.0,Sfax,Autres villes,5.056904851336473
Apartment,2.0,1.0,60.0,128000.0,Sfax,Sfax Ville,5.107209969647869
Villa,3.0,1.0,72.0,120000.0,Sfax,Autres villes,5.079181246047625
Villa,5.0,2.0,440.0,360000.0,Sfax,Route el Ain,5.556302500767287
Villa,5.0,2.0,350.0,300000.0,Sfax,Route el Ain,5.477121254719663
Villa,3.0,1.0,190.0,140000.0,Sfax,Autres villes,5.146128035678238
Villa,4.0,1.0,150.0,740000.0,Sfax,Route Soukra,5.869231719730976
Apartment,2.0,1.0,50.0,85000.0,Sfax,Route el Afrane,4.929418925714293
Villa,4.0,2.0,110.0,120000.0,Sfax,Sfax Ville,5.079181246047625
Villa,6.0,2.0,350.0,350000.0,Sfax,Autres villes,5.544068044350276
Apartment,3.0,1.0,180.0,140000.0,Sfax,Autres villes,5.146128035678238
Villa,4.0,2.0,80.0,86000.0,Sfax,Sakiet Eddaïer,4.934498451243568
Apartment,1.0,1.0,48.0,92625.0,Sfax,Sfax,4.966728220987385
Villa,2.0,1.0,120.0,120000.0,Sfax,Sfax,5.079181246047625
Villa,4.0,1.0,233.0,130000.0,Sfax,Autres villes,5.113943352306837
Villa,6.0,2.0,2000.0,650000.0,Sfax,Autres villes,5.812913356642856
Apartment,4.0,1.0,131.0,140000.0,Sfax,Sakiet Ezzit,5.146128035678238
Apartment,3.0,1.0,110.0,100000.0,Sfax,Sfax Ville,5.0
Villa,4.0,1.0,170.0,180000.0,Sfax,Route Mehdia,5.2552725051033065
Villa,3.0,1.0,120.0,200000.0,Sfax,Route Menzel Chaker,5.301029995663981
Villa,4.0,1.0,180.0,100000.0,Sfax,Route Menzel Chaker,5.0
Villa,2.0,1.0,150.0,45000.0,Sfax,Autres villes,4.653212513775344
Villa,7.0,2.0,185.0,170000.0,Sfax,Route Tunis,5.230448921378274
Villa,4.0,2.0,180.0,150000.0,Sfax,Route el Afrane,5.176091259055681
Apartment,3.0,2.0,165.0,260000.0,Sfax,Sfax,5.414973347970818
Apartment,3.0,1.0,160.0,140000.0,Sfax,Autres villes,5.146128035678238
Villa,4.0,1.0,1350.0,320000.0,Sfax,Sakiet Ezzit,5.505149978319906
Villa,4.0,1.0,390.0,130000.0,Sfax,Kerkennah,5.113943352306837
Villa,3.0,3.0,220.0,200000.0,Sfax,Thyna,5.301029995663981
Apartment,3.0,2.0,125.0,125000.0,Sfax,Sfax Ville,5.096910013008056
Apartment,3.0,2.0,115.0,120000.0,Sfax,Route Soukra,5.079181246047625
Villa,3.0,1.0,120.0,220000.0,Sfax,Sfax,5.342422680822207
Villa,4.0,1.0,100.0,78000.0,Sfax,Route Mehdia,4.892094602690481
Villa,5.0,2.0,320.0,390000.0,Sfax,Sakiet Eddaïer,5.5910646070265
Apartment,1.0,1.0,32.0,30000.0,Sfax,Autres villes,4.477121254719663
Apartment,3.0,1.0,125.0,160000.0,Sfax,Route Tunis,5.204119982655925
Apartment,2.0,1.0,86.0,95000.0,Sfax,Route Soukra,4.977723605288848
Apartment,4.0,1.0,88.0,140000.0,Sfax,Sakiet Eddaïer,5.146128035678238
Villa,4.0,2.0,730.0,390000.0,Sfax,Route el Afrane,5.5910646070265
Apartment,3.0,1.0,140.0,130000.0,Sfax,Autres villes,5.113943352306837
Villa,4.0,2.0,754.0,200000.0,Sfax,Route Tunis,5.301029995663981
Villa,4.0,1.0,178.0,135000.0,Sfax,Sakiet Ezzit,5.130333768495007
Villa,4.0,2.0,440.0,145000.0,Sfax,Autres villes,5.161368002234975
Apartment,2.0,1.0,107.0,150000.0,Sfax,Autres villes,5.176091259055681
Villa,4.0,2.0,135.0,90000.0,Sfax,Autres villes,4.954242509439325
Villa,3.0,1.0,100.0,80000.0,Sfax,Sfax,4.903089986991944
Villa,4.0,2.0,160.0,60000.0,Sfax,Autres villes,4.778151250383644
Villa,6.0,4.0,250.0,350000.0,Sfax,Kerkennah,5.544068044350276
Villa,6.0,1.0,1478.0,75000.0,Sfax,Autres villes,4.8750612633917
Villa,3.0,2.0,900.0,380000.0,Sfax,Route Mehdia,5.57978359661681
Villa,5.0,3.0,900.0,780000.0,Sfax,Autres villes,5.892094602690481
Villa,6.0,2.0,700.0,55000.0,Sfax,Autres villes,4.740362689494244
Villa,6.0,2.0,200.0,400000.0,Sfax,Sfax,5.6020599913279625
Villa,4.0,2.0,200.0,300000.0,Sfax,Sfax,5.477121254719663
Apartment,3.0,1.0,150.0,160000.0,Sfax,Sfax,5.204119982655925
Apartment,2.0,1.0,87.0,200000.0,Sfax,Autres villes,5.301029995663981
Villa,6.0,2.0,750.0,55000.0,Sfax,Route Soukra,4.740362689494244
Villa,5.0,1.0,684.0,650000.0,Sfax,Autres villes,5.812913356642856
Villa,4.0,1.0,120.0,68000.0,Sfax,Sfax Ville,4.832508912706237
Apartment,2.0,1.0,104.0,155000.0,Sfax,Route Menzel Chaker,5.190331698170292
Villa,5.0,2.0,500.0,350000.0,Sfax,Route el Afrane,5.544068044350276
Villa,4.0,3.0,900.0,380000.0,Sfax,Autres villes,5.57978359661681
Apartment,3.0,2.0,144.0,190000.0,Sfax,Route Tunis,5.278753600952829
Apartment,2.0,2.0,80.0,57000.0,Sfax,Sfax Ville,4.755874855672492
Villa,3.0,2.0,420.0,300000.0,Sfax,Mahrès,5.477121254719663
Villa,2.0,1.0,150.0,70000.0,Sfax,Autres villes,4.845098040014257
Apartment,4.0,1.0,90.0,80000.0,Sfax,Sfax Médina,4.903089986991944
Villa,3.0,1.0,140.0,50000.0,Sfax,Autres villes,4.698970004336019
Villa,3.0,1.0,350.0,135000.0,Sfax,Menzel Chaker,5.130333768495007
Villa,3.0,1.0,600.0,230000.0,Sfax,Kerkennah,5.361727836017593
Villa,6.0,4.0,580.0,350000.0,Sfax,Sakiet Eddaïer,5.544068044350276
Villa,7.0,3.0,460.0,550000.0,Sfax,Sfax,5.740362689494244
Villa,4.0,2.0,440.0,210000.0,Sfax,Sfax,5.32221929473392
Villa,2.0,1.0,138.0,132000.0,Sfax,Mahrès,5.12057393120585
Villa,6.0,2.0,450.0,330000.0,Sfax,Mahrès,5.518513939877887
Villa,5.0,2.0,440.0,395000.0,Sfax,Sakiet Eddaïer,5.596597095626461
Villa,5.0,1.0,168.0,110000.0,Sfax,Sfax Médina,5.041392685158225
Villa,5.0,2.0,460.0,350000.0,Sfax,Route Menzel Chaker,5.544068044350276
Villa,3.0,2.0,180.0,120000.0,Sfax,Sfax,5.079181246047625
Villa,6.0,3.0,340.0,480000.0,Sfax,Sfax,5.681241237375588
Villa,7.0,1.0,280.0,320000.0,Sfax,Thyna,5.505149978319906
Villa,3.0,1.0,300.0,180000.0,Sfax,Autres villes,5.2552725051033065
Apartment,3.0,1.0,160.0,280000.0,Sfax,Sfax Ville,5.447158031342219
Apartment,3.0,1.0,112.0,109000.0,Sfax,Sfax Ville,5.037426497940624
Villa,8.0,2.0,300.0,300000.0,Sfax,Sfax Ville,5.477121254719663
Apartment,2.0,1.0,80.0,95000.0,Sfax,Autres villes,4.977723605288848
Villa,8.0,4.0,585.0,350000.0,Sfax,Sakiet Eddaïer,5.544068044350276
Villa,3.0,1.0,100.0,85000.0,Sfax,Autres villes,4.929418925714293
Villa,4.0,2.0,370.0,90000.0,Sfax,Sfax Médina,4.954242509439325
Villa,3.0,1.0,140.0,145000.0,Sfax,Sfax Ville,5.161368002234975
Villa,4.0,2.0,150.0,100000.0,Sfax,Autres villes,5.0
Apartment,2.0,1.0,80.0,55000.0,Sfax,Sfax,4.740362689494244
Villa,4.0,1.0,450.0,185000.0,Sfax,Thyna,5.267171728403014
Villa,5.0,5.0,180.0,85000.0,Sfax,Route Tunis,4.929418925714293
Apartment,3.0,2.0,178.0,275000.0,Sfax,Sfax,5.439332693830263
Villa,3.0,2.0,240.0,62000.0,Sfax,Thyna,4.792391689498253
Apartment,4.0,2.0,170.0,350000.0,Sfax,Autres villes,5.544068044350276
Apartment,3.0,1.0,87.0,95000.0,Sfax,Autres villes,4.977723605288848
Villa,7.0,5.0,440.0,390000.0,Sfax,Autres villes,5.5910646070265
Apartment,3.0,1.0,75.0,90000.0,Sfax,Route Soukra,4.954242509439325
Villa,4.0,2.0,235.0,400000.0,Sfax,Route Soukra,5.6020599913279625
Villa,2.0,1.0,120.0,165000.0,Sfax,Mahrès,5.217483944213907
Villa,8.0,2.0,400.0,430000.0,Sfax,Autres villes,5.633468455579586
Villa,4.0,1.0,466.0,110000.0,Sfax,Sakiet Eddaïer,5.041392685158225
Villa,3.0,1.0,80.0,180000.0,Sfax,Autres villes,5.2552725051033065
Villa,7.0,3.0,300.0,330000.0,Sfax,Route Menzel Chaker,5.518513939877887
Villa,4.0,1.0,140.0,135000.0,Sfax,Autres villes,5.130333768495007
Villa,5.0,4.0,275.0,240000.0,Sfax,Sakiet Ezzit,5.380211241711606
Villa,3.0,1.0,140.0,90000.0,Sfax,Thyna,4.954242509439325
Villa,3.0,1.0,324.0,150000.0,Sfax,Autres villes,5.176091259055681
Villa,3.0,1.0,160.0,70000.0,Sfax,Route Tunis,4.845098040014257
Villa,6.0,3.0,500.0,490000.0,Sfax,Autres villes,5.690196080028514
Apartment,2.0,1.0,80.0,94000.0,Sfax,Autres villes,4.973127853599698
Villa,3.0,2.0,400.0,200000.0,Sfax,Mahrès,5.301029995663981
Villa,2.0,1.0,150.0,112000.0,Sfax,Route Menzel Chaker,5.049218022670182
Villa,5.0,2.0,360.0,400000.0,Sfax,Route Soukra,5.6020599913279625
Apartment,4.0,1.0,135.0,245000.0,Sfax,Autres villes,5.389166084364533
Apartment,3.0,1.0,180.0,150000.0,Sfax,Route el Ain,5.176091259055681
Villa,4.0,1.0,960.0,380000.0,Sfax,Autres villes,5.57978359661681
Villa,4.0,1.0,419.0,185000.0,Sfax,Thyna,5.267171728403014
Apartment,3.0,2.0,144.0,190000.0,Sfax,Route Tunis,5.278753600952829
Villa,3.0,2.0,500.0,80000.0,Sfax,Sfax,4.903089986991944
Apartment,3.0,1.0,80.0,52000.0,Sfax,Sfax,4.7160033436348
Villa,5.0,3.0,1680.0,970000.0,Sfax,Sfax,5.986771734266245
Villa,3.0,2.0,120.0,220000.0,Sfax,Route Tunis,5.342422680822207
Apartment,2.0,1.0,80.0,128000.0,Sfax,Sfax Ville,5.107209969647869
Villa,2.0,1.0,131.0,120000.0,Sfax,Sfax,5.079181246047625
Villa,4.0,1.0,165.0,140000.0,Sfax,Sfax,5.146128035678238
Villa,3.0,3.0,200.0,160000.0,Sfax,Mahrès,5.204119982655925
Apartment,1.0,1.0,52.0,61000.0,Sfax,Route Tunis,4.785329835010767
Villa,4.0,1.0,760.0,160000.0,Sfax,Sfax,5.204119982655925
Apartment,2.0,1.0,122.0,207000.0,Sfax,Autres villes,5.315970345456917
Villa,6.0,2.0,450.0,370000.0,Sfax,Route el Ain,5.568201724066995
Villa,3.0,1.0,120.0,65000.0,Sfax,Sfax,4.812913356642856
Villa,4.0,1.0,280.0,230000.0,Sfax,Route el Ain,5.361727836017593
Apartment,2.0,1.0,103.0,110000.0,Sfax,Sfax,5.041392685158225
Apartment,4.0,2.0,120.0,180000.0,Sfax,Sfax Médina,5.2552725051033065
Apartment,4.0,1.0,130.0,132000.0,Sfax,Sakiet Eddaïer,5.12057393120585
Villa,5.0,1.0,930.0,330000.0,Sfax,Sakiet Ezzit,5.518513939877887
Apartment,3.0,1.0,90.0,105000.0,Sfax,Route Menzel Chaker,5.021189299069938
Villa,4.0,1.0,176.0,163000.0,Sfax,Route el Afrane,5.212187604403958
Apartment,3.0,1.0,80.0,85000.0,Sfax,Sakiet Eddaïer,4.929418925714293
Villa,2.0,1.0,120.0,130000.0,Sfax,Menzel Chaker,5.113943352306837
Villa,4.0,1.0,450.0,140000.0,Sfax,Autres villes,5.146128035678238
Villa,4.0,2.0,235.0,400000.0,Sfax,Route Soukra,5.6020599913279625
Villa,4.0,1.0,120.0,140000.0,Sfax,Route Soukra,5.146128035678238
Villa,4.0,2.0,320.0,163000.0,Sfax,Mahrès,5.212187604403958
Villa,4.0,2.0,110.0,120000.0,Sfax,Autres villes,5.079181246047625
Apartment,3.0,1.0,90.0,53000.0,Sfax,Autres villes,4.724275869600789
Apartment,3.0,1.0,87.0,95000.0,Sfax,Sfax Ville,4.977723605288848
Apartment,3.0,1.0,62.0,90000.0,Sfax,Sfax Ville,4.954242509439325
Villa,5.0,4.0,275.0,240000.0,Sfax,Sakiet Ezzit,5.380211241711606
Apartment,3.0,2.0,100.0,100000.0,Sfax,Route el Afrane,5.0
Apartment,3.0,2.0,144.0,190000.0,Sfax,Route Tunis,5.278753600952829
Villa,3.0,2.0,200.0,230000.0,Sfax,Kerkennah,5.361727836017593
Apartment,3.0,2.0,128.0,210000.0,Sfax,Sfax,5.32221929473392
Apartment,2.0,1.0,108.0,139000.0,Sfax,Sfax,5.143014800254095
Apartment,3.0,2.0,173.0,290000.0,Sfax,Route el Afrane,5.4623979978989565
Apartment,4.0,1.0,140.0,63000.0,Sfax,Sfax Ville,4.799340549453582
Villa,3.0,2.0,350.0,285000.0,Nabeul,Hammamet,5.45484486000851
Villa,3.0,2.0,213.0,320000.0,Nabeul,Béni Khiar,5.505149978319906
Villa,3.0,2.0,360.0,285000.0,Nabeul,Hammamet,5.45484486000851
Villa,2.0,1.0,360.0,95000.0,Nabeul,Hammamet,4.977723605288848
Villa,4.0,2.0,220.0,380000.0,Nabeul,Hammamet,5.57978359661681
Villa,3.0,2.0,200.0,370000.0,Nabeul,Hammamet,5.568201724066995
Villa,2.0,1.0,180.0,360000.0,Nabeul,Hammamet,5.556302500767287
Villa,4.0,2.0,320.0,380000.0,Nabeul,Hammamet,5.57978359661681
Villa,4.0,2.0,416.0,490000.0,Nabeul,Hammamet,5.690196080028514
Villa,3.0,1.0,350.0,730000.0,Nabeul,Hammamet,5.863322860120456
Villa,4.0,4.0,500.0,790000.0,Nabeul,Hammamet,5.897627091290442
Villa,3.0,2.0,334.0,900000.0,Nabeul,Hammamet,5.954242509439325
Villa,5.0,2.0,600.0,800000.0,Nabeul,Hammamet,5.903089986991944
Villa,4.0,2.0,400.0,780000.0,Nabeul,Hammamet,5.892094602690481
Villa,4.0,2.0,1277.0,850000.0,Nabeul,Hammamet,5.929418925714293
Villa,3.0,2.0,350.0,700000.0,Nabeul,Hammamet,5.845098040014257
Villa,4.0,3.0,450.0,850000.0,Nabeul,Hammamet,5.929418925714293
Villa,3.0,2.0,350.0,480000.0,Nabeul,Hammamet,5.681241237375588
Villa,2.0,1.0,250.0,510000.0,Nabeul,Hammamet,5.707570176097937
Villa,2.0,1.0,360.0,95000.0,Nabeul,Hammamet,4.977723605288848
Villa,3.0,2.0,350.0,285000.0,Nabeul,Hammamet,5.45484486000851
Villa,3.0,1.0,400.0,198000.0,Nabeul,Hammamet,5.296665190261531
Villa,2.0,2.0,930.0,558000.0,Nabeul,Hammamet,5.746634198937579
Apartment,1.0,1.0,80.0,129000.0,Nabeul,Hammamet,5.110589710299249
Apartment,2.0,1.0,70.0,335000.0,Nabeul,Nabeul,5.525044807036846
Villa,2.0,1.0,80.0,105000.0,Nabeul,Hammamet,5.021189299069938
Apartment,1.0,1.0,40.0,95000.0,Nabeul,Hammamet,4.977723605288848
Apartment,1.0,1.0,70.0,165000.0,Nabeul,Hammamet,5.217483944213907
Apartment,2.0,1.0,121.0,250000.0,Nabeul,Hammamet,5.3979400086720375
Villa,3.0,1.0,360.0,285000.0,Nabeul,Hammamet,5.45484486000851
Apartment,2.0,1.0,75.0,120000.0,Nabeul,Hammamet,5.079181246047625
Apartment,1.0,1.0,30.0,110000.0,Nabeul,Hammamet,5.041392685158225
Apartment,2.0,1.0,100.0,450000.0,Nabeul,Hammamet,5.653212513775344
Apartment,1.0,1.0,85.0,150000.0,Nabeul,Hammamet,5.176091259055681
Villa,1.0,1.0,90.0,120000.0,Nabeul,Hammamet,5.079181246047625
Villa,2.0,1.0,340.0,95000.0,Nabeul,Hammamet,4.977723605288848
Villa,3.0,1.0,260.0,258000.0,Nabeul,Hammamet,5.41161970596323
Villa,2.0,1.0,100.0,165000.0,Nabeul,Hammamet,5.217483944213907
Villa,3.0,2.0,252.0,520000.0,Nabeul,Hammamet,5.7160033436348
Apartment,1.0,1.0,92.0,175000.0,Nabeul,Hammamet Nord,5.243038048686294
Apartment,1.0,1.0,50.0,150000.0,Nabeul,Mrezga,5.176091259055681
Apartment,1.0,1.0,65.0,110000.0,Nabeul,Hammamet Centre,5.041392685158225
Villa,3.0,1.0,300.0,6000000.0,Nabeul,Hammamet,6.778151250383644
Apartment,2.0,1.0,70.0,165000.0,Nabeul,Hammamet Nord,5.217483944213907
Villa,4.0,1.0,212.0,170000.0,Nabeul,Nabeul,5.230448921378274
Villa,1.0,1.0,80.0,150000.0,Nabeul,Hammamet,5.176091259055681
Villa,2.0,1.0,100.0,70000.0,Nabeul,Hammamet,4.845098040014257
Apartment,1.0,1.0,30.0,110000.0,Nabeul,Hammamet,5.041392685158225
Villa,2.0,1.0,100.0,70000.0,Nabeul,Hammamet,4.845098040014257
Villa,2.0,1.0,100.0,95000.0,Nabeul,Hammamet,4.977723605288848
Apartment,2.0,1.0,85.0,1300000.0,Nabeul,Nabeul,6.113943352306837
Villa,3.0,2.0,260.0,130000.0,Nabeul,Kélibia,5.113943352306837
Villa,2.0,1.0,100.0,90000.0,Nabeul,Hammamet,4.954242509439325
Villa,2.0,1.0,200.0,128000.0,Nabeul,Hammamet,5.107209969647869
Apartment,1.0,1.0,23.0,65000.0,Nabeul,Hammamet Centre,4.812913356642856
Apartment,2.0,1.0,80.0,150000.0,Nabeul,Hammamet,5.176091259055681
Villa,1.0,1.0,160.0,35000.0,Nabeul,Hammamet,4.544068044350276
Villa,2.0,1.0,99.0,80000.0,Nabeul,Hammamet,4.903089986991944
Villa,1.0,1.0,84.0,85000.0,Nabeul,Hammamet,4.929418925714293
Villa,1.0,1.0,100.0,95000.0,Nabeul,Hammamet,4.977723605288848
Villa,2.0,1.0,340.0,95000.0,Nabeul,Hammamet,4.977723605288848
Villa,2.0,1.0,110.0,65000.0,Nabeul,Hammamet,4.812913356642856
Villa,2.0,1.0,160.0,130000.0,Nabeul,Hammamet,5.113943352306837
Villa,4.0,2.0,145.0,125000.0,Nabeul,Hammamet,5.096910013008056
Villa,2.0,1.0,100.0,128000.0,Nabeul,Hammamet,5.107209969647869
Villa,1.0,1.0,100.0,45000.0,Nabeul,Hammamet,4.653212513775344
Villa,2.0,1.0,400.0,85000.0,Nabeul,Hammamet,4.929418925714293
Villa,2.0,1.0,171.0,85000.0,Nabeul,Hammamet,4.929418925714293
Villa,2.0,1.0,100.0,65000.0,Nabeul,Hammamet,4.812913356642856
Villa,4.0,2.0,270.0,170000.0,Nabeul,Hammamet,5.230448921378274
Villa,2.0,1.0,171.0,65000.0,Nabeul,Hammamet,4.812913356642856
Villa,1.0,1.0,120.0,93000.0,Nabeul,Soliman,4.968482948553935
Villa,2.0,1.0,289.0,120000.0,Nabeul,Hammamet,5.079181246047625
Villa,2.0,1.0,170.0,118000.0,Nabeul,Hammamet,5.071882007306125
Villa,3.0,1.0,700.0,250000.0,Nabeul,Hammamet,5.3979400086720375
Villa,2.0,1.0,900.0,85000.0,Nabeul,Hammamet,4.929418925714293
Villa,2.0,1.0,360.0,95000.0,Nabeul,Hammamet,4.977723605288848
Villa,3.0,2.0,640.0,310000.0,Nabeul,Hammamet,5.491361693834273
Villa,3.0,2.0,350.0,285000.0,Nabeul,Hammamet,5.45484486000851
Villa,3.0,1.0,280.0,235000.0,Nabeul,Hammamet,5.371067862271736
Villa,3.0,1.0,528.0,528000.0,Nabeul,Soliman,5.722633922533812
Villa,3.0,1.0,216.0,130000.0,Nabeul,Menzel Temime,5.113943352306837
Villa,5.0,5.0,230.0,450000.0,Nabeul,Hammamet,5.653212513775344
Villa,3.0,2.0,575.0,550000.0,Nabeul,Hammamet,5.740362689494244
Villa,4.0,2.0,980.0,750000.0,Nabeul,Hammamet,5.8750612633917
Villa,3.0,2.0,230.0,700000.0,Nabeul,Hammamet,5.845098040014257
Villa,4.0,2.0,475.0,1100000.0,Nabeul,Hammamet,6.041392685158225
Villa,3.0,2.0,500.0,180000.0,Nabeul,Hammamet,5.2552725051033065
Villa,3.0,1.0,190.0,265000.0,Nabeul,Hammamet,5.423245873936808
Apartment,2.0,2.0,110.0,350000.0,Nabeul,Hammamet Nord,5.544068044350276
Villa,2.0,1.0,350.0,95000.0,Nabeul,Hammamet,4.977723605288848
Apartment,1.0,1.0,72.0,140000.0,Nabeul,Hammamet Nord,5.146128035678238
Villa,2.0,1.0,360.0,95000.0,Nabeul,Hammamet,4.977723605288848
Villa,3.0,1.0,260.0,258000.0,Nabeul,Hammamet,5.41161970596323
Apartment,2.0,1.0,80.0,120000.0,Nabeul,Hammamet,5.079181246047625
Villa,2.0,1.0,100.0,150000.0,Nabeul,Hammamet,5.176091259055681
Villa,4.0,2.0,100.0,105000.0,Nabeul,Hammamet,5.021189299069938
Villa,2.0,1.0,160.0,130000.0,Nabeul,Hammamet,5.113943352306837
Villa,2.0,1.0,240.0,110000.0,Nabeul,Hammamet,5.041392685158225
Villa,3.0,2.0,1000.0,280000.0,Nabeul,Hammamet,5.447158031342219
Villa,2.0,1.0,105.0,260000.0,Nabeul,Hammamet,5.414973347970818
Apartment,2.0,1.0,104.0,185000.0,Nabeul,Hammamet,5.267171728403014
Apartment,2.0,1.0,100.0,150000.0,Nabeul,Hammamet,5.176091259055681
Villa,3.0,2.0,312.0,220000.0,Nabeul,Hammamet,5.342422680822207
Villa,3.0,2.0,220.0,80000.0,Nabeul,El Haouaria,4.903089986991944
Apartment,2.0,1.0,120.0,255000.0,Nabeul,Hammamet,5.406540180433956
Apartment,2.0,1.0,96.0,190000.0,Nabeul,Hammamet,5.278753600952829
Apartment,1.0,1.0,90.0,190000.0,Nabeul,Hammamet,5.278753600952829
Apartment,1.0,1.0,75.0,225000.0,Nabeul,Hammamet,5.352182518111363
Apartment,2.0,1.0,270.0,5400000.0,Nabeul,Hammamet,6.732393759822968
Villa,3.0,1.0,400.0,190000.0,Nabeul,Hammamet,5.278753600952829
Villa,3.0,2.0,634.0,375000.0,Nabeul,Hammamet,5.574031267727719
Apartment,2.0,1.0,167.0,481000.0,Nabeul,Hammamet,5.682145076373832
Villa,2.0,1.0,180.0,185000.0,Nabeul,Hammamet,5.267171728403014
Villa,2.0,1.0,143.0,145000.0,Nabeul,Hammamet,5.161368002234975
Villa,3.0,1.0,240.0,175000.0,Nabeul,Hammamet,5.243038048686294
Villa,3.0,1.0,260.0,258000.0,Nabeul,Hammamet,5.41161970596323
Apartment,2.0,3.0,100.0,200000.0,Nabeul,Hammamet,5.301029995663981
Apartment,2.0,1.0,130.0,185000.0,Nabeul,Hammamet,5.267171728403014
Apartment,2.0,1.0,90.0,200000.0,Nabeul,Hammamet,5.301029995663981
Villa,3.0,1.0,180.0,430000.0,Nabeul,Hammamet,5.633468455579586
Villa,4.0,2.0,175.0,650000.0,Nabeul,Hammamet,5.812913356642856
Villa,3.0,2.0,180.0,360000.0,Nabeul,Hammamet,5.556302500767287
Villa,3.0,1.0,250.0,490000.0,Nabeul,Hammamet,5.690196080028514
Villa,3.0,1.0,315.0,470000.0,Nabeul,Hammamet,5.672097857935717
Villa,3.0,1.0,220.0,185000.0,Nabeul,Kélibia,5.267171728403014
Villa,2.0,1.0,180.0,128000.0,Nabeul,Hammamet,5.107209969647869
Apartment,3.0,1.0,87.0,218000.0,Nabeul,Hammamet,5.338456493604605
Villa,2.0,2.0,110.0,110000.0,Nabeul,El Haouaria,5.041392685158225
Apartment,2.0,1.0,80.0,120000.0,Nabeul,Hammamet,5.079181246047625
Villa,2.0,1.0,180.0,268000.0,Nabeul,Hammamet,5.4281347940287885
Villa,3.0,1.0,245.0,170000.0,Nabeul,Hammamet,5.230448921378274
Apartment,2.0,1.0,137.0,350000.0,Nabeul,Hammamet,5.544068044350276
Apartment,1.0,1.0,80.0,150000.0,Nabeul,Hammamet,5.176091259055681
Villa,3.0,1.0,1100.0,285000.0,Nabeul,Kélibia,5.45484486000851
Apartment,2.0,1.0,80.0,55000.0,Nabeul,Nabeul,4.740362689494244
Apartment,2.0,1.0,121.0,250000.0,Nabeul,Hammamet,5.3979400086720375
Villa,1.0,1.0,90.0,120000.0,Nabeul,Hammamet,5.079181246047625
Villa,1.0,1.0,100.0,35000.0,Nabeul,Hammamet,4.544068044350276
Villa,1.0,1.0,198.0,50000.0,Nabeul,Hammamet,4.698970004336019
Apartment,1.0,1.0,65.0,85000.0,Nabeul,Hammamet,4.929418925714293
Villa,3.0,2.0,300.0,250000.0,Nabeul,Hammamet,5.3979400086720375
Apartment,2.0,1.0,118.0,300000.0,Nabeul,Hammamet,5.477121254719663
Villa,4.0,2.0,200.0,125000.0,Nabeul,Hammamet,5.096910013008056
Villa,1.0,1.0,330.0,400000.0,Nabeul,Nabeul,5.6020599913279625
Apartment,1.0,1.0,85.0,215000.0,Nabeul,Hammamet,5.332438459915605
Villa,4.0,3.0,200.0,290000.0,Nabeul,Nabeul,5.4623979978989565
Villa,3.0,1.0,360.0,350000.0,Nabeul,Hammamet,5.544068044350276
Villa,4.0,2.0,350.0,270000.0,Nabeul,Hammamet,5.431363764158987
Villa,3.0,2.0,250.0,360000.0,Nabeul,Hammamet,5.556302500767287
Apartment,3.0,3.0,210.0,240000.0,Nabeul,Hammamet,5.380211241711606
Villa,3.0,2.0,148.0,190000.0,Nabeul,Hammamet,5.278753600952829
Villa,4.0,2.0,220.0,380000.0,Nabeul,Hammamet,5.57978359661681
Apartment,1.0,1.0,70.0,165000.0,Nabeul,Hammamet,5.217483944213907
Villa,2.0,1.0,250.0,270000.0,Nabeul,Hammamet,5.431363764158987
Villa,3.0,2.0,148.0,190000.0,Nabeul,Hammamet,5.278753600952829
Villa,1.0,1.0,200.0,35000.0,Nabeul,Hammamet,4.544068044350276
Villa,2.0,1.0,335.0,480000.0,Nabeul,Mrezga,5.681241237375588
Villa,3.0,2.0,148.0,190000.0,Nabeul,Hammamet,5.278753600952829
Villa,2.0,1.0,360.0,95000.0,Nabeul,Hammamet,4.977723605288848
Apartment,1.0,1.0,143.0,210000.0,Nabeul,Mrezga,5.32221929473392
Villa,3.0,1.0,201.0,230000.0,Nabeul,Grombalia,5.361727836017593
Villa,3.0,1.0,200.0,450000.0,Nabeul,Hammamet Centre,5.653212513775344
Villa,2.0,1.0,360.0,95000.0,Nabeul,Hammamet,4.977723605288848
Villa,3.0,1.0,225.0,670000.0,Nabeul,Hammamet,5.826074802700826
Villa,2.0,1.0,130.0,80000.0,Nabeul,Hammamet,4.903089986991944
Villa,3.0,1.0,148.0,190000.0,Nabeul,Hammamet,5.278753600952829
Villa,3.0,1.0,190.0,400000.0,Nabeul,Hammamet,5.6020599913279625
Villa,2.0,1.0,80.0,160000.0,Nabeul,Grombalia,5.204119982655925
Villa,3.0,1.0,200.0,35000.0,Nabeul,Hammamet,4.544068044350276
Apartment,2.0,1.0,150.0,140000.0,Nabeul,Hammamet,5.146128035678238
Apartment,1.0,1.0,50.0,150000.0,Nabeul,Mrezga,5.176091259055681
Apartment,2.0,1.0,70.0,125000.0,Nabeul,Nabeul,5.096910013008056
Villa,3.0,3.0,120.0,550000.0,Nabeul,Hammamet Nord,5.740362689494244
Apartment,1.0,1.0,50.0,118000.0,Nabeul,Nabeul,5.071882007306125
Villa,3.0,1.0,300.0,220000.0,Nabeul,Hammamet,5.342422680822207
Villa,3.0,1.0,310.0,400000.0,Nabeul,Hammamet,5.6020599913279625
Villa,3.0,1.0,190.0,255000.0,Nabeul,Hammamet,5.406540180433956
Villa,3.0,1.0,360.0,285000.0,Nabeul,Hammamet,5.45484486000851
Villa,2.0,1.0,750.0,190000.0,Nabeul,Hammamet,5.278753600952829
Villa,2.0,2.0,250.0,250000.0,Nabeul,Hammamet,5.3979400086720375
Villa,2.0,1.0,240.0,110000.0,Nabeul,Hammamet,5.041392685158225
Villa,2.0,1.0,110.0,190000.0,Nabeul,Hammamet,5.278753600952829
Villa,2.0,1.0,150.0,70000.0,Nabeul,Hammamet,4.845098040014257
Villa,2.0,1.0,143.0,145000.0,Nabeul,Hammamet,5.161368002234975
Villa,4.0,2.0,600.0,265000.0,Nabeul,Hammamet,5.423245873936808
Villa,3.0,1.0,170.0,190000.0,Nabeul,Nabeul,5.278753600952829
Villa,2.0,1.0,80.0,105000.0,Nabeul,Hammamet Centre,5.021189299069938
Apartment,2.0,1.0,235.0,165000.0,Nabeul,Hammamet,5.217483944213907
Apartment,2.0,1.0,120.0,90000.0,Nabeul,Hammamet,4.954242509439325
Apartment,2.0,1.0,110.0,350000.0,Nabeul,Hammamet Nord,5.544068044350276
Villa,2.0,1.0,360.0,95000.0,Nabeul,Hammamet,4.977723605288848
Villa,2.0,1.0,240.0,90000.0,Nabeul,Hammamet,4.954242509439325
Apartment,2.0,1.0,235.0,165000.0,Nabeul,Hammamet,5.217483944213907
Apartment,2.0,1.0,133.0,180000.0,Nabeul,Hammamet,5.2552725051033065
Villa,2.0,1.0,150.0,70000.0,Nabeul,Hammamet,4.845098040014257
Apartment,1.0,1.0,87.0,240000.0,Nabeul,Mrezga,5.380211241711606
Villa,2.0,1.0,100.0,35000.0,Nabeul,Hammamet,4.544068044350276
Apartment,2.0,1.0,80.0,105000.0,Nabeul,Hammamet,5.021189299069938
Villa,2.0,1.0,90.0,80000.0,Nabeul,Hammamet,4.903089986991944
Villa,3.0,2.0,400.0,260000.0,Nabeul,Hammamet,5.414973347970818
Villa,4.0,3.0,130.0,250000.0,Nabeul,Soliman,5.3979400086720375
Villa,3.0,1.0,300.0,100000.0,Nabeul,Kélibia,5.0
Apartment,2.0,1.0,67.0,164150.0,Nabeul,Nabeul,5.215240887065359
Villa,3.0,1.0,150.0,220000.0,Nabeul,Hammamet,5.342422680822207
Apartment,1.0,1.0,85.0,215000.0,Nabeul,Mrezga,5.332438459915605
Villa,2.0,2.0,300.0,295000.0,Nabeul,Hammamet,5.469822015978163
Villa,5.0,3.0,345.0,650000.0,Nabeul,Hammamet,5.812913356642856
Villa,5.0,2.0,100.0,700000.0,Nabeul,Hammamet,5.845098040014257
Villa,3.0,2.0,1048.0,890000.0,Nabeul,Hammamet,5.949390006644912
Villa,4.0,2.0,450.0,850000.0,Nabeul,Hammamet,5.929418925714293
Villa,5.0,3.0,345.0,650000.0,Nabeul,Hammamet,5.812913356642856
Villa,4.0,2.0,350.0,730000.0,Nabeul,Hammamet,5.863322860120456
Villa,4.0,2.0,980.0,750000.0,Nabeul,Hammamet,5.8750612633917
Villa,2.0,1.0,143.0,145000.0,Nabeul,Hammamet,5.161368002234975
Villa,4.0,2.0,200.0,290000.0,Nabeul,Hammamet,5.4623979978989565
Villa,4.0,2.0,350.0,270000.0,Nabeul,Hammamet,5.431363764158987
Villa,4.0,2.0,200.0,270000.0,Nabeul,Hammamet,5.431363764158987
Villa,2.0,1.0,240.0,110000.0,Nabeul,Hammamet,5.041392685158225
Villa,3.0,1.0,180.0,430000.0,Nabeul,Hammamet,5.633468455579586
Villa,3.0,2.0,195.0,580000.0,Nabeul,Hammamet,5.763427993562937
Villa,3.0,2.0,600.0,420000.0,Nabeul,Hammamet,5.623249290397901
Villa,4.0,2.0,175.0,650000.0,Nabeul,Hammamet,5.812913356642856
Villa,4.0,2.0,550.0,1200000.0,Nabeul,Hammamet,6.079181246047625
Villa,3.0,1.0,360.0,285000.0,Nabeul,Hammamet,5.45484486000851
Villa,3.0,1.0,190.0,260000.0,Nabeul,Mrezga,5.414973347970818
Villa,3.0,2.0,110.0,80000.0,Nabeul,Hammamet,4.903089986991944
Villa,4.0,2.0,350.0,480000.0,Nabeul,Hammamet,5.681241237375588
Villa,3.0,1.0,250.0,490000.0,Nabeul,Hammamet,5.690196080028514
Apartment,2.0,1.0,100.0,260000.0,Nabeul,Hammamet Centre,5.414973347970818
Villa,5.0,2.0,200.0,290000.0,Nabeul,Hammamet,5.4623979978989565
Villa,7.0,2.0,130.0,130000.0,Nabeul,Nabeul,5.113943352306837
Villa,4.0,1.0,340.0,730000.0,Nabeul,Nabeul,5.863322860120456
Villa,3.0,2.0,350.0,285000.0,Nabeul,Hammamet,5.45484486000851
Apartment,2.0,1.0,300.0,1400000.0,Nabeul,Hammamet,6.146128035678238
Apartment,2.0,1.0,100.0,115000.0,Nabeul,Hammamet,5.060697840353612
Villa,7.0,4.0,360.0,500000.0,Nabeul,Nabeul,5.698970004336019
Villa,5.0,2.0,500.0,280000.0,Nabeul,Hammamet,5.447158031342219
Villa,3.0,2.0,350.0,285000.0,Nabeul,Hammamet,5.45484486000851
Apartment,1.0,1.0,45.0,130000.0,Nabeul,Nabeul,5.113943352306837
Villa,3.0,1.0,425.0,165000.0,Nabeul,Hammamet,5.217483944213907
Villa,3.0,2.0,700.0,250000.0,Nabeul,Hammamet,5.3979400086720375
Apartment,2.0,1.0,75.0,120000.0,Nabeul,Hammamet,5.079181246047625
Villa,2.0,2.0,120.0,255000.0,Nabeul,Hammamet,5.406540180433956
Villa,2.0,1.0,110.0,190000.0,Nabeul,Hammamet,5.278753600952829
Villa,3.0,2.0,330.0,40000.0,Nabeul,Hammamet,4.6020599913279625
Villa,5.0,2.0,200.0,210000.0,Nabeul,Kélibia,5.32221929473392
Apartment,2.0,1.0,105.0,175000.0,Nabeul,Hammamet,5.243038048686294
Apartment,1.0,1.0,85.0,150000.0,Nabeul,Hammamet,5.176091259055681
Villa,3.0,2.0,260.0,130000.0,Nabeul,Kélibia,5.113943352306837
Villa,2.0,1.0,360.0,95000.0,Nabeul,Hammamet,4.977723605288848
Apartment,1.0,1.0,143.0,210000.0,Nabeul,Mrezga,5.32221929473392
Villa,3.0,1.0,110.0,220000.0,Nabeul,Hammamet,5.342422680822207
Apartment,2.0,1.0,130.0,260000.0,Nabeul,Hammamet,5.414973347970818
Apartment,2.0,1.0,140.0,350000.0,Nabeul,Hammamet,5.544068044350276
Apartment,2.0,1.0,133.0,180000.0,Nabeul,Hammamet,5.2552725051033065
Villa,3.0,2.0,300.0,400000.0,Nabeul,Hammamet,5.6020599913279625
Villa,4.0,5.0,450.0,895000.0,Nabeul,Hammamet,5.951823035315912
Villa,3.0,1.0,425.0,165000.0,Nabeul,Hammamet,5.217483944213907
Villa,3.0,1.0,200.0,200000.0,Nabeul,Hammamet,5.301029995663981
Villa,2.0,1.0,143.0,145000.0,Nabeul,Hammamet,5.161368002234975
Villa,3.0,1.0,170.0,190000.0,Nabeul,Nabeul,5.278753600952829
Villa,2.0,1.0,180.0,128000.0,Nabeul,Hammamet,5.107209969647869
Apartment,1.0,1.0,124.0,300000.0,Nabeul,Hammamet,5.477121254719663
Villa,3.0,1.0,220.0,320000.0,Nabeul,Kélibia,5.505149978319906
Villa,5.0,5.0,340.0,995000.0,Nabeul,Mrezga,5.997823080745725
Villa,5.0,6.0,1200.0,880000.0,Nabeul,Hammamet,5.944482672150168
Villa,3.0,2.0,250.0,510000.0,Nabeul,Hammamet,5.707570176097937
Villa,3.0,1.0,280.0,235000.0,Nabeul,Hammamet,5.371067862271736
Villa,3.0,1.0,240.0,175000.0,Nabeul,Hammamet,5.243038048686294
Villa,3.0,2.0,140.0,155000.0,Nabeul,Hammamet,5.190331698170292
Apartment,2.0,1.0,90.0,200000.0,Nabeul,Hammamet,5.301029995663981
Apartment,2.0,3.0,100.0,200000.0,Nabeul,Hammamet,5.301029995663981
Apartment,1.0,1.0,85.0,150000.0,Nabeul,Hammamet,5.176091259055681
Apartment,2.0,1.0,133.0,180000.0,Nabeul,Hammamet,5.2552725051033065
Apartment,2.0,1.0,80.0,125000.0,Nabeul,Nabeul,5.096910013008056
Apartment,2.0,1.0,70.0,130000.0,Nabeul,Hammamet,5.113943352306837
Apartment,1.0,1.0,40.0,95000.0,Nabeul,Hammamet,4.977723605288848
Villa,1.0,1.0,84.0,215000.0,Nabeul,Hammamet,5.332438459915605
Villa,3.0,1.0,160.0,600000.0,Nabeul,Nabeul,5.778151250383644
Apartment,2.0,1.0,80.0,120000.0,Nabeul,Hammamet,5.079181246047625
Villa,4.0,2.0,220.0,380000.0,Nabeul,Hammamet,5.57978359661681
Villa,3.0,2.0,250.0,360000.0,Nabeul,Hammamet,5.556302500767287
Villa,3.0,2.0,180.0,360000.0,Nabeul,Hammamet,5.556302500767287
Villa,2.0,1.0,200.0,260000.0,Nabeul,Hammamet,5.414973347970818
Villa,2.0,1.0,900.0,85000.0,Nabeul,Hammamet,4.929418925714293
Villa,3.0,1.0,190.0,255000.0,Nabeul,Hammamet,5.406540180433956
Apartment,1.0,1.0,75.0,225000.0,Nabeul,Hammamet,5.352182518111363
Apartment,4.0,2.0,230.0,380000.0,Nabeul,Hammamet,5.57978359661681
Apartment,3.0,2.0,188.0,565000.0,Nabeul,Hammamet,5.752048447819439
Villa,3.0,2.0,460.0,600000.0,Nabeul,Nabeul,5.778151250383644
Apartment,1.0,1.0,85.0,150000.0,Nabeul,Hammamet,5.176091259055681
Apartment,2.0,1.0,100.0,300000.0,Nabeul,Hammamet,5.477121254719663
Villa,3.0,1.0,190.0,160000.0,Nabeul,Hammamet,5.204119982655925
Apartment,1.0,1.0,61.0,230000.0,Nabeul,Hammamet,5.361727836017593
Villa,4.0,2.0,375.0,550000.0,Nabeul,Hammamet,5.740362689494244
Villa,3.0,2.0,360.0,285000.0,Nabeul,Hammamet,5.45484486000851
Apartment,1.0,1.0,35.0,60000.0,Nabeul,Hammamet,4.778151250383644
Villa,3.0,1.0,360.0,320000.0,Nabeul,Hammamet,5.505149978319906
Apartment,2.0,1.0,130.0,290000.0,Nabeul,Hammamet,5.4623979978989565
Apartment,2.0,1.0,85.0,300000.0,Nabeul,Hammamet,5.477121254719663
Villa,5.0,2.0,250.0,350000.0,Nabeul,Hammamet,5.544068044350276
Villa,3.0,2.0,250.0,510000.0,Nabeul,Hammamet,5.707570176097937
Apartment,1.0,1.0,60.0,85000.0,Nabeul,Hammamet,4.929418925714293
Apartment,1.0,1.0,61.0,230000.0,Nabeul,Hammamet,5.361727836017593
Apartment,1.0,1.0,45.0,130000.0,Nabeul,Mrezga,5.113943352306837
Villa,2.0,1.0,340.0,175000.0,Nabeul,Hammamet,5.243038048686294
Villa,3.0,1.0,400.0,198000.0,Nabeul,Hammamet,5.296665190261531
Apartment,2.0,1.0,235.0,165000.0,Nabeul,Hammamet,5.217483944213907
Apartment,2.0,1.0,120.0,255000.0,Nabeul,Hammamet,5.406540180433956
Apartment,1.0,1.0,70.0,230000.0,Nabeul,Hammamet,5.361727836017593
Apartment,1.0,1.0,50.0,118000.0,Nabeul,Nabeul,5.071882007306125
Apartment,2.0,1.0,74.0,130000.0,Nabeul,Hammamet,5.113943352306837
Apartment,2.0,1.0,200.0,185000.0,Nabeul,Hammamet,5.267171728403014
Apartment,2.0,1.0,70.0,145000.0,Nabeul,Hammamet,5.161368002234975
Villa,2.0,1.0,130.0,140000.0,Nabeul,Hammamet,5.146128035678238
Apartment,2.0,1.0,65.0,110000.0,Nabeul,Hammamet,5.041392685158225
Villa,6.0,4.0,250.0,128000.0,Nabeul,Nabeul,5.107209969647869
Apartment,3.0,1.0,120.0,250000.0,Nabeul,Hammamet,5.3979400086720375
Villa,2.0,1.0,240.0,190000.0,Nabeul,Hammamet,5.278753600952829
Villa,3.0,1.0,240.0,175000.0,Nabeul,Hammamet,5.243038048686294
Apartment,2.0,1.0,105.0,175000.0,Nabeul,Hammamet,5.243038048686294
Apartment,2.0,1.0,130.0,140000.0,Nabeul,Hammamet,5.146128035678238
Villa,3.0,1.0,190.0,255000.0,Nabeul,Hammamet,5.406540180433956
Villa,4.0,2.0,130.0,160000.0,Nabeul,Kélibia,5.204119982655925
Villa,2.0,1.0,400.0,185000.0,Nabeul,Kélibia,5.267171728403014
Villa,2.0,1.0,240.0,110000.0,Nabeul,Hammamet,5.041392685158225
Villa,2.0,1.0,110.0,190000.0,Nabeul,Hammamet,5.278753600952829
Villa,4.0,3.0,350.0,520000.0,Nabeul,Hammamet,5.7160033436348
Apartment,3.0,3.0,200.0,400000.0,Nabeul,Hammamet Nord,5.6020599913279625
Villa,6.0,2.0,93.0,150000.0,Nabeul,Nabeul,5.176091259055681
Villa,4.0,3.0,500.0,780000.0,Nabeul,Hammamet,5.892094602690481
Villa,5.0,2.0,416.0,380000.0,Nabeul,Hammamet,5.57978359661681
Villa,2.0,1.0,240.0,175000.0,Nabeul,Hammamet,5.243038048686294
Villa,3.0,2.0,190.0,255000.0,Nabeul,Hammamet,5.406540180433956
Villa,2.0,1.0,200.0,135000.0,Nabeul,Hammamet,5.130333768495007
Villa,4.0,2.0,450.0,850000.0,Nabeul,Hammamet,5.929418925714293
Villa,3.0,1.0,190.0,165000.0,Nabeul,Hammamet,5.217483944213907
Villa,2.0,1.0,100.0,128000.0,Nabeul,Hammamet,5.107209969647869
Villa,3.0,1.0,425.0,165000.0,Nabeul,Hammamet,5.217483944213907
Villa,5.0,3.0,92.0,270000.0,Nabeul,Béni Khiar,5.431363764158987
Villa,3.0,1.0,100.0,135000.0,Nabeul,Hammamet,5.130333768495007
Apartment,1.0,1.0,30.0,110000.0,Nabeul,Hammamet,5.041392685158225
Villa,3.0,2.0,206.0,160000.0,Nabeul,Hammamet,5.204119982655925
Villa,2.0,1.0,109.0,95000.0,Nabeul,Hammamet,4.977723605288848
Villa,3.0,1.0,180.0,190000.0,Nabeul,Hammamet,5.278753600952829
Villa,4.0,2.0,600.0,265000.0,Nabeul,Hammamet,5.423245873936808
Villa,2.0,2.0,250.0,250000.0,Nabeul,Hammamet,5.3979400086720375
Villa,3.0,2.0,350.0,285000.0,Nabeul,Hammamet,5.45484486000851
Villa,4.0,3.0,400.0,750000.0,Nabeul,Hammamet Nord,5.8750612633917
Apartment,2.0,1.0,100.0,115000.0,Nabeul,Hammamet,5.060697840353612
Villa,4.0,2.0,175.0,650000.0,Nabeul,Hammamet,5.812913356642856
Villa,5.0,3.0,900.0,1800000.0,Nabeul,Hammamet Nord,6.2552725051033065
Villa,5.0,2.0,345.0,650000.0,Nabeul,Hammamet,5.812913356642856
Villa,3.0,2.0,180.0,360000.0,Nabeul,Hammamet,5.556302500767287
Villa,4.0,2.0,350.0,480000.0,Nabeul,Hammamet,5.681241237375588
Villa,3.0,1.0,180.0,430000.0,Nabeul,Hammamet,5.633468455579586
Villa,3.0,1.0,190.0,255000.0,Nabeul,Hammamet,5.406540180433956
Apartment,3.0,1.0,250.0,490000.0,Nabeul,Hammamet,5.690196080028514
Villa,4.0,2.0,200.0,290000.0,Nabeul,Hammamet,5.4623979978989565
Villa,4.0,2.0,350.0,270000.0,Nabeul,Hammamet,5.431363764158987
Villa,3.0,2.0,250.0,360000.0,Nabeul,Hammamet,5.556302500767287
Villa,4.0,2.0,220.0,380000.0,Nabeul,Hammamet,5.57978359661681
Villa,2.0,1.0,204.0,140000.0,Nabeul,Menzel Temime,5.146128035678238
Apartment,1.0,1.0,85.0,150000.0,Nabeul,Hammamet,5.176091259055681
Apartment,1.0,1.0,80.0,150000.0,Nabeul,Hammamet,5.176091259055681
Apartment,2.0,1.0,130.0,260000.0,Nabeul,Hammamet,5.414973347970818
Apartment,2.0,1.0,120.0,90000.0,Nabeul,Hammamet,4.954242509439325
Villa,2.0,1.0,110.0,190000.0,Nabeul,Hammamet,5.278753600952829
Villa,2.0,1.0,130.0,80000.0,Nabeul,Hammamet,4.903089986991944
Apartment,1.0,1.0,73.0,191200.0,Nabeul,Mrezga,5.281487887940081
Villa,3.0,1.0,105.0,240000.0,Nabeul,Hammamet Nord,5.380211241711606
Apartment,2.0,1.0,96.0,220000.0,Nabeul,Hammamet,5.342422680822207
Villa,2.0,1.0,115.0,100000.0,Nabeul,Hammamet,5.0
Apartment,1.0,1.0,75.0,225000.0,Nabeul,Hammamet,5.352182518111363
Apartment,1.0,1.0,90.0,190000.0,Nabeul,Hammamet,5.278753600952829
Apartment,2.0,1.0,80.0,120000.0,Nabeul,Hammamet,5.079181246047625
Villa,3.0,1.0,254.0,170000.0,Nabeul,Hammamet,5.230448921378274
Villa,3.0,1.0,170.0,190000.0,Nabeul,Hammamet,5.278753600952829
Villa,3.0,1.0,200.0,200000.0,Nabeul,Hammamet Centre,5.301029995663981
Villa,2.0,1.0,143.0,170000.0,Nabeul,Hammamet,5.230448921378274
Villa,3.0,1.0,200.0,260000.0,Nabeul,Hammamet,5.414973347970818
Apartment,2.0,1.0,144.0,350000.0,Nabeul,Mrezga,5.544068044350276
Apartment,3.0,1.0,180.0,350000.0,Nabeul,Hammamet,5.544068044350276
Villa,3.0,1.0,360.0,285000.0,Nabeul,Hammamet,5.45484486000851
Villa,3.0,1.0,260.0,258000.0,Nabeul,Hammamet,5.41161970596323
Villa,2.0,1.0,240.0,110000.0,Nabeul,Hammamet,5.041392685158225
Villa,2.0,1.0,360.0,95000.0,Nabeul,Hammamet,4.977723605288848
Villa,3.0,1.0,240.0,190000.0,Nabeul,Hammamet,5.278753600952829
Villa,2.0,1.0,110.0,190000.0,Nabeul,Hammamet,5.278753600952829
Apartment,2.0,1.0,140.0,350000.0,Nabeul,Hammamet,5.544068044350276
Apartment,2.0,1.0,137.0,315000.0,Nabeul,Hammamet,5.498310553789601
Apartment,1.0,1.0,85.0,225000.0,Nabeul,Hammamet,5.352182518111363
Apartment,2.0,2.0,200.0,185000.0,Nabeul,Hammamet,5.267171728403014
Apartment,2.0,1.0,100.0,240000.0,Nabeul,Hammamet,5.380211241711606
Apartment,2.0,1.0,150.0,140000.0,Nabeul,Hammamet,5.146128035678238
Villa,3.0,2.0,200.0,290000.0,Nabeul,Hammamet,5.4623979978989565
Villa,3.0,1.0,190.0,260000.0,Nabeul,Hammamet,5.414973347970818
Villa,9.0,1.0,300.0,1600000.0,Nabeul,Korba,6.204119982655925
Apartment,2.0,2.0,100.0,200000.0,Nabeul,Hammamet,5.301029995663981
Villa,4.0,2.0,450.0,850000.0,Nabeul,Hammamet,5.929418925714293
Villa,4.0,2.0,350.0,730000.0,Nabeul,Hammamet,5.863322860120456
Villa,4.0,2.0,345.0,650000.0,Nabeul,Hammamet,5.812913356642856
Villa,4.0,2.0,175.0,650000.0,Nabeul,Hammamet,5.812913356642856
Villa,4.0,2.0,350.0,480000.0,Nabeul,Hammamet,5.681241237375588
Villa,3.0,1.0,250.0,490000.0,Nabeul,Hammamet,5.690196080028514
Villa,2.0,1.0,900.0,85000.0,Nabeul,Hammamet,4.929418925714293
Apartment,2.0,1.0,96.0,220000.0,Nabeul,Hammamet,5.342422680822207
Apartment,3.0,2.0,200.0,200000.0,Nabeul,Hammamet,5.301029995663981
Villa,3.0,2.0,200.0,350000.0,Nabeul,Hammamet,5.544068044350276
Villa,3.0,1.0,350.0,200000.0,Nabeul,Hammamet,5.301029995663981
Apartment,1.0,1.0,75.0,225000.0,Nabeul,Hammamet,5.352182518111363
Villa,2.0,1.0,150.0,100000.0,Nabeul,Hammamet,5.0
Villa,4.0,2.0,220.0,380000.0,Nabeul,Hammamet,5.57978359661681
Apartment,2.0,1.0,108.0,237000.0,Nabeul,Mrezga,5.374748346010104
Apartment,2.0,1.0,80.0,105000.0,Nabeul,Hammamet,5.021189299069938
Apartment,1.0,1.0,70.0,172200.0,Nabeul,Mrezga,5.236033147117636
Apartment,1.0,1.0,85.0,150000.0,Nabeul,Hammamet,5.176091259055681
Villa,2.0,1.0,360.0,95000.0,Nabeul,Hammamet,4.977723605288848
Villa,3.0,2.0,640.0,310000.0,Nabeul,Hammamet,5.491361693834273
Villa,3.0,1.0,280.0,235000.0,Nabeul,Hammamet,5.371067862271736
Apartment,2.0,1.0,70.0,105000.0,Nabeul,Hammamet,5.021189299069938
Villa,3.0,1.0,350.0,285000.0,Nabeul,Hammamet,5.45484486000851
Apartment,1.0,1.0,50.0,118000.0,Nabeul,Nabeul,5.071882007306125
Villa,3.0,1.0,425.0,165000.0,Nabeul,Hammamet,5.217483944213907
Apartment,1.0,1.0,60.0,135000.0,Nabeul,Hammamet Centre,5.130333768495007
Villa,5.0,2.0,416.0,460000.0,Nabeul,Hammamet,5.662757831681574
Villa,4.0,2.0,968.0,980000.0,Nabeul,Hammamet,5.991226075692495
Apartment,2.0,1.0,111.0,280000.0,Nabeul,Hammamet Nord,5.447158031342219
Villa,2.0,1.0,112.0,270000.0,Nabeul,Hammamet,5.431363764158987
Villa,2.0,1.0,180.0,270000.0,Nabeul,Hammamet,5.431363764158987
Villa,4.0,4.0,1230.0,650000.0,Nabeul,Hammamet,5.812913356642856
Villa,3.0,2.0,250.0,360000.0,Nabeul,Hammamet,5.556302500767287
Apartment,1.0,1.0,40.0,95000.0,Nabeul,Hammamet,4.977723605288848
Villa,2.0,1.0,180.0,270000.0,Nabeul,Hammamet,5.431363764158987
Villa,3.0,1.0,315.0,470000.0,Nabeul,Hammamet,5.672097857935717
Apartment,2.0,1.0,84.0,300000.0,Nabeul,Hammamet,5.477121254719663
Apartment,2.0,1.0,360.0,95000.0,Nabeul,Hammamet,4.977723605288848
Apartment,1.0,1.0,35.0,60000.0,Nabeul,Hammamet,4.778151250383644
Apartment,2.0,1.0,80.0,105000.0,Nabeul,Hammamet,5.021189299069938
Villa,3.0,2.0,220.0,230000.0,Nabeul,Kélibia,5.361727836017593
Villa,2.0,1.0,190.0,165000.0,Nabeul,Hammamet,5.217483944213907
Villa,3.0,1.0,190.0,255000.0,Nabeul,Hammamet,5.406540180433956
Villa,4.0,2.0,116.0,260000.0,Nabeul,Hammamet Centre,5.414973347970818
Apartment,2.0,1.0,75.0,120000.0,Nabeul,Hammamet,5.079181246047625
Villa,3.0,1.0,300.0,130000.0,Nabeul,Kélibia,5.113943352306837
Apartment,2.0,2.0,140.0,490000.0,Nabeul,Hammamet Nord,5.690196080028514
Apartment,3.0,1.0,150.0,180000.0,Nabeul,Hammamet,5.2552725051033065
Apartment,1.0,1.0,71.0,163300.0,Nabeul,Mrezga,5.2129861847366685
Villa,2.0,2.0,200.0,180000.0,Nabeul,Hammamet,5.2552725051033065
Villa,2.0,1.0,150.0,130000.0,Nabeul,Hammamet,5.113943352306837
Apartment,2.0,1.0,200.0,690000.0,Nabeul,Hammamet,5.838849090737256
Apartment,2.0,1.0,110.0,70000.0,Nabeul,Hammamet,4.845098040014257
Apartment,1.0,1.0,65.0,145000.0,Nabeul,Mrezga,5.161368002234975
Villa,3.0,2.0,640.0,310000.0,Nabeul,Hammamet,5.491361693834273
Apartment,2.0,1.0,110.0,200000.0,Nabeul,Kélibia,5.301029995663981
Apartment,1.0,1.0,61.0,160000.0,Nabeul,Mrezga,5.204119982655925
Villa,3.0,1.0,150.0,120000.0,Nabeul,Hammamet,5.079181246047625
Villa,2.0,1.0,250.0,250000.0,Nabeul,Hammamet,5.3979400086720375
Villa,5.0,2.0,475.0,330000.0,Nabeul,Hammam Ghezèze,5.518513939877887
Villa,3.0,1.0,196.0,117000.0,Nabeul,Hammamet,5.068185861746161
Apartment,2.0,2.0,340.0,690000.0,Nabeul,Mrezga,5.838849090737256
Villa,2.0,1.0,80.0,105000.0,Nabeul,Hammamet,5.021189299069938
Villa,2.0,1.0,110.0,65000.0,Nabeul,Hammamet,4.812913356642856
Villa,3.0,1.0,120.0,130000.0,Nabeul,Hammamet,5.113943352306837
Villa,6.0,4.0,415.0,650000.0,Nabeul,Mrezga,5.812913356642856
Villa,4.0,3.0,450.0,895000.0,Nabeul,Hammamet,5.951823035315912
Villa,3.0,2.0,131.0,160000.0,Nabeul,Kélibia,5.204119982655925
Apartment,2.0,1.0,108.0,340000.0,Nabeul,Hammamet,5.531478917042255
Villa,6.0,2.0,220.0,430000.0,Nabeul,Korba,5.633468455579586
Villa,7.0,5.0,600.0,800000.0,Nabeul,Hammamet,5.903089986991944
Villa,3.0,2.0,180.0,360000.0,Nabeul,Hammamet,5.556302500767287
Apartment,3.0,2.0,120.0,480000.0,Nabeul,Hammamet,5.681241237375588
Villa,3.0,1.0,360.0,285000.0,Nabeul,Hammamet,5.45484486000851
Apartment,2.0,1.0,110.0,339000.0,Nabeul,Hammamet,5.5301996982030825
Villa,4.0,2.0,230.0,380000.0,Nabeul,Hammamet,5.57978359661681
Apartment,2.0,1.0,66.0,135000.0,Nabeul,Mrezga,5.130333768495007
Villa,8.0,4.0,230.0,330000.0,Nabeul,Menzel Bouzelfa,5.518513939877887
Villa,2.0,1.0,80.0,150000.0,Nabeul,Hammamet,5.176091259055681
Apartment,2.0,2.0,126.0,441000.0,Nabeul,Mrezga,5.644438589467838
Apartment,2.0,1.0,75.0,130000.0,Nabeul,Hammamet,5.113943352306837
Apartment,2.0,1.0,84.0,125000.0,Nabeul,Nabeul,5.096910013008056
Apartment,1.0,1.0,70.0,120000.0,Nabeul,Hammamet,5.079181246047625
Apartment,2.0,1.0,80.0,230000.0,Nabeul,Hammamet,5.361727836017593
Apartment,2.0,1.0,175.0,98000.0,Nabeul,Hammamet,4.991226075692495
Apartment,2.0,1.0,80.0,129000.0,Nabeul,Hammamet Centre,5.110589710299249
Apartment,2.0,1.0,75.0,95000.0,Nabeul,Hammamet,4.977723605288848
Apartment,1.0,1.0,75.0,230000.0,Nabeul,Nabeul,5.361727836017593
Villa,3.0,1.0,125.0,130000.0,Nabeul,Hammamet,5.113943352306837
Villa,3.0,1.0,130.0,80000.0,Nabeul,Hammamet Centre,4.903089986991944
Villa,3.0,2.0,378.0,280000.0,Nabeul,Hammamet,5.447158031342219
Apartment,2.0,1.0,235.0,165000.0,Nabeul,Hammamet,5.217483944213907
Apartment,2.0,1.0,90.0,240000.0,Nabeul,Hammamet,5.380211241711606
Villa,2.0,1.0,103.0,65000.0,Nabeul,Kélibia,4.812913356642856
Apartment,1.0,1.0,70.0,230000.0,Nabeul,Hammamet,5.361727836017593
Apartment,2.0,1.0,100.0,150000.0,Nabeul,Hammamet,5.176091259055681
Apartment,1.0,1.0,80.0,170000.0,Nabeul,Hammamet,5.230448921378274
Apartment,2.0,1.0,70.0,90000.0,Nabeul,Hammamet,4.954242509439325
Apartment,1.0,1.0,72.0,120000.0,Nabeul,Hammamet,5.079181246047625
Villa,2.0,1.0,250.0,260000.0,Nabeul,Hammamet,5.414973347970818
Villa,3.0,1.0,80.0,235000.0,Nabeul,Hammamet,5.371067862271736
Villa,3.0,2.0,200.0,195000.0,Nabeul,Hammamet,5.290034611362518
Apartment,2.0,1.0,75.0,80000.0,Nabeul,Nabeul,4.903089986991944
Apartment,2.0,1.0,226.0,590000.0,Nabeul,Hammamet,5.770852011642144
Apartment,2.0,1.0,80.0,125000.0,Nabeul,Hammamet,5.096910013008056
Villa,2.0,1.0,200.0,185000.0,Nabeul,Hammamet,5.267171728403014
Villa,2.0,1.0,90.0,85000.0,Nabeul,Hammamet,4.929418925714293
Villa,5.0,1.0,219.0,240000.0,Tunis,Tunis,5.380211241711606
Villa,3.0,1.0,95.0,175000.0,Tunis,El Kabaria,5.243038048686294
Apartment,2.0,1.0,90.0,98000.0,Tunis,Autres villes,4.991226075692495
Villa,3.0,1.0,300.0,500000.0,Tunis,Le Bardo,5.698970004336019
Apartment,2.0,1.0,100.0,170000.0,Tunis,Le Bardo,5.230448921378274
Apartment,2.0,1.0,95.0,185000.0,Tunis,L'aouina,5.267171728403014
Apartment,1.0,1.0,65.0,175000.0,Tunis,L'aouina,5.243038048686294
Apartment,3.0,3.0,174.0,561000.0,Tunis,Autres villes,5.748962861256161
Villa,2.0,1.0,260.0,400000.0,Tunis,Le Bardo,5.6020599913279625
Apartment,2.0,1.0,150.0,700000.0,Tunis,La Marsa,5.845098040014257
Apartment,2.0,2.0,100.0,205000.0,Tunis,L'aouina,5.311753861055754
Apartment,4.0,2.0,165.0,850000.0,Tunis,La Goulette,5.929418925714293
Apartment,4.0,2.0,214.0,650000.0,Tunis,Carthage,5.812913356642856
Apartment,2.0,2.0,114.0,336000.0,Tunis,La Marsa,5.526339277389844
Villa,8.0,3.0,808.0,890000.0,Tunis,Le Bardo,5.949390006644912
Apartment,2.0,1.0,103.0,365000.0,Tunis,La Goulette,5.562292864456475
Villa,3.0,2.0,320.0,620000.0,Tunis,Menzah,5.792391689498253
Villa,4.0,3.0,340.0,1190000.0,Tunis,La Marsa,6.075546961392531
Apartment,2.0,1.0,100.0,115000.0,Tunis,Agba,5.060697840353612
Apartment,1.0,1.0,70.0,87000.0,Tunis,Agba,4.939519252618618
Apartment,1.0,1.0,55.0,42000.0,Tunis,Autres villes,4.623249290397901
Villa,8.0,4.0,368.0,1350000.0,Tunis,Tunis,6.130333768495007
Apartment,3.0,1.0,111.0,220000.0,Tunis,Le Bardo,5.342422680822207
Villa,3.0,1.0,160.0,180000.0,Tunis,Autres villes,5.2552725051033065
Apartment,2.0,1.0,80.0,150000.0,Tunis,Ettahrir,5.176091259055681
Villa,3.0,1.0,80.0,110000.0,Tunis,L'aouina,5.041392685158225
Apartment,2.0,2.0,109.0,245000.0,Tunis,L'aouina,5.389166084364533
Apartment,1.0,1.0,60.0,150000.0,Tunis,L'aouina,5.176091259055681
Apartment,1.0,1.0,57.0,195000.0,Tunis,Carthage,5.290034611362518
Apartment,3.0,2.0,154.0,295000.0,Tunis,L'aouina,5.469822015978163
Villa,5.0,3.0,900.0,940000.0,Tunis,Mutuelleville,5.973127853599698
Apartment,2.0,1.0,95.0,425000.0,Tunis,La Goulette,5.628388930050312
Apartment,2.0,1.0,113.0,240000.0,Tunis,L'aouina,5.380211241711606
Villa,3.0,1.0,120.0,70000.0,Tunis,Djebel Jelloud,4.845098040014257
Apartment,3.0,1.0,137.0,250000.0,Tunis,L'aouina,5.3979400086720375
Villa,6.0,3.0,700.0,2100000.0,Tunis,Menzah,6.32221929473392
Villa,6.0,3.0,725.0,1850000.0,Tunis,Mutuelleville,6.267171728403014
Villa,5.0,1.0,405.0,1045000.0,Tunis,Menzah,6.019116290447073
Apartment,1.0,1.0,78.0,180000.0,Tunis,L'aouina,5.2552725051033065
Apartment,2.0,1.0,100.0,305000.0,Tunis,Menzah,5.484299839346786
Villa,6.0,5.0,459.0,950000.0,Tunis,Menzah,5.977723605288848
Villa,3.0,3.0,240.0,580000.0,Tunis,Le Bardo,5.763427993562937
Villa,1.0,1.0,500.0,1000000.0,Tunis,Le Bardo,6.0
Villa,5.0,2.0,220.0,250000.0,Tunis,Médina,5.3979400086720375
Villa,4.0,1.0,340.0,390000.0,Tunis,Le Bardo,5.5910646070265
Villa,3.0,2.0,130.0,2500000.0,Tunis,La Marsa,6.3979400086720375
Apartment,2.0,1.0,62.0,150000.0,Tunis,Tunis,5.176091259055681
Apartment,2.0,1.0,109.0,200000.0,Tunis,Carthage,5.301029995663981
Villa,1.0,3.0,846.0,2950000.0,Tunis,Mutuelleville,6.469822015978163
Apartment,4.0,2.0,135.0,270000.0,Tunis,L'aouina,5.431363764158987
Villa,3.0,2.0,300.0,500000.0,Tunis,La Marsa,5.698970004336019
Apartment,3.0,2.0,129.0,185000.0,Tunis,Menzah,5.267171728403014
Apartment,2.0,2.0,113.0,220000.0,Tunis,Menzah,5.342422680822207
Apartment,2.0,1.0,119.0,245000.0,Tunis,Le Bardo,5.389166084364533
Villa,6.0,3.0,88.0,165000.0,Tunis,La Goulette,5.217483944213907
Villa,4.0,2.0,100.0,85000.0,Tunis,El Ouardia,4.929418925714293
Apartment,3.0,1.0,80.0,130000.0,Tunis,Agba,5.113943352306837
Villa,3.0,1.0,220.0,150000.0,Tunis,Hraïria,5.176091259055681
Villa,4.0,1.0,356.0,425000.0,Tunis,Autres villes,5.628388930050312
Apartment,3.0,1.0,100.0,25000.0,Tunis,L'aouina,4.3979400086720375
Apartment,3.0,1.0,122.0,270000.0,Tunis,L'aouina,5.431363764158987
Apartment,1.0,1.0,84.0,168000.0,Tunis,L'aouina,5.225309281725863
Villa,10.0,3.0,750.0,850000.0,Tunis,Autres villes,5.929418925714293
Apartment,2.0,2.0,140.0,450000.0,Tunis,Autres villes,5.653212513775344
Apartment,2.0,1.0,54.0,65000.0,Tunis,Autres villes,4.812913356642856
Apartment,2.0,1.0,55.0,88000.0,Tunis,Le Bardo,4.944482672150168
Villa,2.0,1.0,140.0,250000.0,Tunis,Tunis,5.3979400086720375
Villa,2.0,1.0,130.0,220000.0,Tunis,Autres villes,5.342422680822207
Villa,4.0,3.0,650.0,2200000.0,Tunis,La Marsa,6.342422680822207
Villa,5.0,2.0,500.0,850000.0,Tunis,La Marsa,5.929418925714293
Apartment,3.0,2.0,250.0,790000.0,Tunis,La Goulette,5.897627091290442
Apartment,2.0,1.0,125.0,320000.0,Tunis,Sidi Daoud,5.505149978319906
Villa,5.0,2.0,210.0,250000.0,Tunis,Agba,5.3979400086720375
Villa,2.0,1.0,83.0,145000.0,Tunis,La Marsa,5.161368002234975
Apartment,2.0,1.0,105.0,255000.0,Tunis,Autres villes,5.406540180433956
Villa,4.0,1.0,146.0,860000.0,Tunis,Ezzouhour,5.934498451243568
Villa,3.0,1.0,100.0,98000.0,Tunis,Autres villes,4.991226075692495
Villa,3.0,1.0,150.0,107000.0,Tunis,Autres villes,5.02938377768521
Villa,5.0,3.0,1100.0,6000000.0,Tunis,La Marsa,6.778151250383644
Apartment,3.0,2.0,222.0,420000.0,Tunis,L'aouina,5.623249290397901
Apartment,1.0,1.0,70.0,180000.0,Tunis,L'aouina,5.2552725051033065
Apartment,3.0,1.0,100.0,235000.0,Tunis,Autres villes,5.371067862271736
Apartment,4.0,3.0,182.0,600000.0,Tunis,Le Kram,5.778151250383644
Villa,3.0,2.0,76.0,133000.0,Tunis,Ezzouhour,5.123851640967086
Villa,4.0,1.0,150.0,135000.0,Tunis,Ezzouhour,5.130333768495007
Apartment,3.0,1.0,76.0,90000.0,Tunis,El Kabaria,4.954242509439325
Apartment,3.0,1.0,76.0,11111.0,Tunis,El Kabaria,4.045753147594141
Villa,3.0,1.0,124.0,165000.0,Tunis,Autres villes,5.217483944213907
Villa,4.0,2.0,577.0,985000.0,Tunis,Menzah,5.993436230497612
Apartment,3.0,1.0,84.0,140000.0,Tunis,Autres villes,5.146128035678238
Apartment,3.0,1.0,90.0,250000.0,Tunis,L'aouina,5.3979400086720375
Apartment,3.0,1.0,75.0,95000.0,Tunis,El Ouardia,4.977723605288848
Villa,3.0,1.0,100.0,98000.0,Tunis,Autres villes,4.991226075692495
Apartment,3.0,1.0,109.0,200000.0,Tunis,Autres villes,5.301029995663981
Villa,8.0,3.0,459.0,950000.0,Tunis,Menzah,5.977723605288848
Villa,4.0,1.0,550.0,400000.0,Tunis,Autres villes,5.6020599913279625
Apartment,2.0,1.0,85.0,220000.0,Tunis,Manar,5.342422680822207
Apartment,4.0,1.0,165.0,220000.0,Tunis,La Marsa,5.342422680822207
Apartment,3.0,2.0,202.0,585000.0,Tunis,La Marsa,5.76715586608218
Apartment,3.0,1.0,120.0,150000.0,Tunis,Ezzouhour,5.176091259055681
Apartment,3.0,2.0,157.0,430000.0,Tunis,La Marsa,5.633468455579586
Apartment,3.0,3.0,225.0,790000.0,Tunis,Carthage,5.897627091290442
Apartment,1.0,1.0,67.0,191000.0,Tunis,La Marsa,5.281033367247727
Apartment,3.0,2.0,139.0,581000.0,Tunis,La Goulette,5.764176132390331
Apartment,2.0,2.0,143.0,407000.0,Tunis,La Marsa,5.60959440922522
Villa,3.0,2.0,150.0,169000.0,Tunis,Autres villes,5.227886704613674
Apartment,4.0,1.0,110.0,100000.0,Tunis,El Ouardia,5.0
Apartment,2.0,2.0,124.0,370000.0,Tunis,La Marsa,5.568201724066995
Apartment,3.0,1.0,70.0,95000.0,Tunis,Ettahrir,4.977723605288848
Apartment,3.0,2.0,130.0,250000.0,Tunis,Menzah,5.3979400086720375
Apartment,2.0,2.0,122.0,565000.0,Tunis,La Goulette,5.752048447819439
Apartment,1.0,1.0,67.0,310000.0,Tunis,La Goulette,5.491361693834273
Apartment,1.0,1.0,82.0,169500.0,Tunis,L'aouina,5.229169702539101
Apartment,2.0,1.0,50.0,60000.0,Tunis,Tunis,4.778151250383644
Apartment,4.0,2.0,157.0,600000.0,Tunis,L'aouina,5.778151250383644
Villa,2.0,1.0,70.0,140000.0,Tunis,El Kabaria,5.146128035678238
Apartment,3.0,1.0,117.0,350000.0,Tunis,Tunis,5.544068044350276
Villa,4.0,2.0,470.0,870000.0,Tunis,Cité El Khadra,5.939519252618618
Apartment,4.0,3.0,238.0,360000.0,Tunis,La Marsa,5.556302500767287
Apartment,4.0,3.0,250.0,370000.0,Tunis,La Marsa,5.568201724066995
Apartment,4.0,3.0,260.0,560000.0,Tunis,La Marsa,5.748188027006201
Villa,4.0,3.0,260.0,570000.0,Tunis,L'aouina,5.755874855672492
Apartment,2.0,1.0,90.0,215000.0,Tunis,L'aouina,5.332438459915605
Apartment,1.0,1.0,68.0,175000.0,Tunis,L'aouina,5.243038048686294
Villa,5.0,1.0,170.0,420000.0,Tunis,Autres villes,5.623249290397901
Villa,4.0,1.0,130.0,210000.0,Tunis,Autres villes,5.32221929473392
Villa,5.0,1.0,250.0,420000.0,Tunis,Autres villes,5.623249290397901
Villa,9.0,2.0,180.0,290000.0,Tunis,Autres villes,5.4623979978989565
Villa,3.0,2.0,105.0,200000.0,Tunis,El Omrane supérieur,5.301029995663981
Apartment,2.0,1.0,108.0,247000.0,Tunis,Autres villes,5.392696953259666
Apartment,1.0,1.0,30.0,100000.0,Tunis,Autres villes,5.0
Villa,6.0,3.0,1050.0,1150000.0,Tunis,Autres villes,6.060697840353612
Apartment,1.0,1.0,68.0,147000.0,Tunis,L'aouina,5.167317334748176
Apartment,3.0,1.0,100.0,160000.0,Tunis,Autres villes,5.204119982655925
Villa,4.0,1.0,146.0,860000.0,Tunis,Autres villes,5.934498451243568
Apartment,1.0,1.0,66.0,175000.0,Tunis,La Marsa,5.243038048686294
Apartment,1.0,1.0,68.0,180000.0,Tunis,L'aouina,5.2552725051033065
Apartment,3.0,1.0,90.0,130000.0,Tunis,Le Bardo,5.113943352306837
Villa,3.0,1.0,154.0,180000.0,Tunis,La Marsa,5.2552725051033065
Apartment,4.0,2.0,300.0,650000.0,Tunis,Tunis,5.812913356642856
Villa,3.0,3.0,192.0,250000.0,Tunis,L'aouina,5.3979400086720375
Villa,5.0,2.0,1717.0,2600000.0,Tunis,Menzah,6.414973347970818
Villa,8.0,4.0,414.0,850000.0,Tunis,La Marsa,5.929418925714293
Villa,5.0,2.0,250.0,1100000.0,Tunis,Tunis,6.041392685158225
Apartment,3.0,2.0,220.0,780000.0,Tunis,Carthage,5.892094602690481
Villa,5.0,3.0,250.0,1100000.0,Tunis,La Marsa,6.041392685158225
Apartment,2.0,1.0,70.0,220000.0,Tunis,Manar,5.342422680822207
Villa,4.0,2.0,500.0,980000.0,Tunis,La Marsa,5.991226075692495
Villa,5.0,2.0,1100.0,2480000.0,Tunis,La Marsa,6.394451680826216
Villa,4.0,2.0,630.0,2400000.0,Tunis,La Marsa,6.380211241711606
Apartment,3.0,2.0,165.0,305000.0,Tunis,La Marsa,5.484299839346786
Apartment,3.0,2.0,132.0,225000.0,Tunis,Menzah,5.352182518111363
Villa,3.0,1.0,87.0,300000.0,Tunis,Autres villes,5.477121254719663
Apartment,1.0,1.0,90.0,700000.0,Tunis,Le Bardo,5.845098040014257
Apartment,3.0,1.0,138.0,245000.0,Tunis,L'aouina,5.389166084364533
Apartment,2.0,1.0,77.0,115000.0,Tunis,Le Bardo,5.060697840353612
Apartment,2.0,1.0,103.0,155000.0,Tunis,Manar,5.190331698170292
Apartment,3.0,1.0,124.0,260000.0,Tunis,L'aouina,5.414973347970818
Villa,7.0,5.0,442.0,1250000.0,Tunis,Manar,6.096910013008056
Apartment,3.0,2.0,240.0,735000.0,Tunis,La Marsa,5.866287339084195
Villa,4.0,2.0,240.0,670000.0,Tunis,La Marsa,5.826074802700826
Villa,5.0,1.0,200.0,385000.0,Tunis,Autres villes,5.585460729508501
Apartment,1.0,1.0,38.0,72000.0,Tunis,Menzah,4.857332496431268
Villa,4.0,1.0,125.0,160000.0,Tunis,Agba,5.204119982655925
Apartment,1.0,1.0,67.0,220000.0,Tunis,Le Kram,5.342422680822207
Apartment,4.0,3.0,225.0,515000.0,Tunis,La Marsa,5.711807229041191
Villa,7.0,4.0,490.0,3300000.0,Tunis,Carthage,6.518513939877887
Apartment,3.0,3.0,182.0,710000.0,Tunis,La Marsa,5.851258348719076
Apartment,3.0,3.0,236.0,630000.0,Tunis,La Marsa,5.799340549453582
Apartment,1.0,1.0,66.0,170000.0,Tunis,L'aouina,5.230448921378274
Apartment,3.0,2.0,127.0,310000.0,Tunis,L'aouina,5.491361693834273
Apartment,4.0,2.0,100.0,110000.0,Tunis,Autres villes,5.041392685158225
Villa,2.0,1.0,772.0,1300000.0,Tunis,La Marsa,6.113943352306837
Apartment,3.0,1.0,110.0,242000.0,Tunis,Menzah,5.383815365980431
Villa,5.0,2.0,300.0,220000.0,Tunis,El Kabaria,5.342422680822207
Apartment,3.0,2.0,175.0,700000.0,Tunis,L'aouina,5.845098040014257
Apartment,2.0,2.0,120.0,480000.0,Tunis,L'aouina,5.681241237375588
Villa,3.0,1.0,240.0,335000.0,Tunis,Le Bardo,5.525044807036846
Villa,4.0,1.0,270.0,180000.0,Tunis,Autres villes,5.2552725051033065
Apartment,3.0,1.0,140.0,340000.0,Tunis,Menzah,5.531478917042255
Apartment,2.0,2.0,148.0,700000.0,Tunis,Le Kram,5.845098040014257
Apartment,2.0,2.0,138.0,660000.0,Tunis,Le Kram,5.819543935541868
Villa,4.0,2.0,185.0,320000.0,Tunis,Autres villes,5.505149978319906
Apartment,2.0,2.0,280.0,1500000.0,Tunis,Le Kram,6.176091259055681
Apartment,3.0,1.0,90.0,250000.0,Tunis,Autres villes,5.3979400086720375
Apartment,2.0,1.0,55.0,68000.0,Tunis,Autres villes,4.832508912706237
Apartment,1.0,1.0,52.0,180000.0,Tunis,La Marsa,5.2552725051033065
Villa,4.0,1.0,180.0,50000.0,Tunis,Autres villes,4.698970004336019
Villa,3.0,1.0,111.0,130000.0,Tunis,Centre Urbain Nord,5.113943352306837
Apartment,3.0,1.0,115.0,250000.0,Tunis,Menzah,5.3979400086720375
Apartment,2.0,1.0,60.0,225000.0,Tunis,Centre Urbain Nord,5.352182518111363
Apartment,2.0,2.0,118.0,228000.0,Tunis,L'aouina,5.357934847000454
Villa,3.0,2.0,250.0,450000.0,Tunis,Menzah,5.653212513775344
Apartment,3.0,2.0,126.0,250000.0,Tunis,L'aouina,5.3979400086720375
Villa,3.0,1.0,124.0,90000.0,Tunis,Autres villes,4.954242509439325
Apartment,2.0,1.0,85.0,100000.0,Tunis,Autres villes,5.0
Villa,4.0,2.0,134.0,220000.0,Tunis,Autres villes,5.342422680822207
Apartment,3.0,1.0,122.0,350000.0,Tunis,Menzah,5.544068044350276
Villa,6.0,2.0,1120.0,3800000.0,Tunis,Mutuelleville,6.57978359661681
Villa,8.0,2.0,340.0,600000.0,Tunis,Carthage,5.778151250383644
Apartment,2.0,2.0,167.0,448000.0,Tunis,La Marsa,5.651278013998144
Apartment,2.0,2.0,136.0,375000.0,Tunis,La Marsa,5.574031267727719
Apartment,3.0,3.0,236.0,625000.0,Tunis,La Marsa,5.795880017344075
Villa,6.0,3.0,500.0,730000.0,Tunis,L'aouina,5.863322860120456
Villa,5.0,2.0,90.0,150000.0,Tunis,El Kabaria,5.176091259055681
Apartment,3.0,1.0,181.0,350000.0,Tunis,Menzah,5.544068044350276
Villa,4.0,2.0,475.0,930000.0,Tunis,Menzah,5.968482948553935
Villa,5.0,2.0,307.0,550000.0,Tunis,Menzah,5.740362689494244
Villa,2.0,1.0,120.0,180000.0,Tunis,Autres villes,5.2552725051033065
Villa,3.0,2.0,256.0,100000.0,Tunis,Autres villes,5.0
Apartment,3.0,2.0,143.0,287000.0,Tunis,L'aouina,5.457881896733992
Apartment,3.0,2.0,160.0,560000.0,Tunis,Tunis,5.748188027006201
Apartment,2.0,2.0,151.0,370000.0,Tunis,Tunis,5.568201724066995
Villa,2.0,1.0,109.0,190000.0,Tunis,Autres villes,5.278753600952829
Villa,3.0,1.0,100.0,95000.0,Tunis,Autres villes,4.977723605288848
Apartment,3.0,3.0,155.0,450000.0,Tunis,Sidi Daoud,5.653212513775344
Apartment,3.0,3.0,159.0,435000.0,Tunis,Carthage,5.638489256954637
Villa,3.0,2.0,270.0,360000.0,Tunis,La Marsa,5.556302500767287
Villa,5.0,2.0,480.0,1330000.0,Tunis,Menzah,6.123851640967086
Apartment,1.0,1.0,70.0,210000.0,Tunis,Tunis,5.32221929473392
Apartment,4.0,3.0,202.0,450000.0,Tunis,Tunis,5.653212513775344
Villa,4.0,1.0,150.0,750000.0,Tunis,El Ouardia,5.8750612633917
Villa,3.0,1.0,220.0,150000.0,Tunis,Hraïria,5.176091259055681
Apartment,3.0,2.0,127.0,235000.0,Tunis,L'aouina,5.371067862271736
Apartment,2.0,1.0,80.0,155000.0,Tunis,Menzah,5.190331698170292
Apartment,1.0,1.0,60.0,135000.0,Tunis,L'aouina,5.130333768495007
Apartment,2.0,1.0,105.0,230000.0,Tunis,L'aouina,5.361727836017593
Villa,5.0,5.0,1200.0,7000000.0,Tunis,La Marsa,6.845098040014257
Apartment,4.0,1.0,150.0,255000.0,Tunis,Menzah,5.406540180433956
Apartment,3.0,1.0,118.0,355000.0,Tunis,La Marsa,5.550228353055094
Apartment,1.0,1.0,78.0,147000.0,Tunis,L'aouina,5.167317334748176
Apartment,3.0,2.0,140.0,250000.0,Tunis,L'aouina,5.3979400086720375
Apartment,2.0,2.0,124.0,225000.0,Tunis,L'aouina,5.352182518111363
Villa,4.0,3.0,260.0,580000.0,Tunis,L'aouina,5.763427993562937
Apartment,2.0,2.0,127.0,310000.0,Tunis,L'aouina,5.491361693834273
Apartment,2.0,1.0,100.0,182000.0,Tunis,L'aouina,5.260071387985075
Villa,9.0,2.0,468.0,580000.0,Tunis,Autres villes,5.763427993562937
Apartment,3.0,3.0,172.0,590000.0,Tunis,Carthage,5.770852011642144
Villa,6.0,3.0,200.0,480000.0,Tunis,La Marsa,5.681241237375588
Villa,4.0,3.0,240.0,550000.0,Tunis,La Marsa,5.740362689494244
Apartment,2.0,1.0,500.0,980000.0,Tunis,Le Bardo,5.991226075692495
Apartment,2.0,1.0,100.0,260000.0,Tunis,Menzah,5.414973347970818
Apartment,2.0,1.0,60.0,140000.0,Tunis,Le Kram,5.146128035678238
Apartment,1.0,1.0,62.0,66000.0,Tunis,Médina,4.819543935541868
Apartment,3.0,2.0,159.0,390000.0,Tunis,Menzah,5.5910646070265
Villa,8.0,2.0,340.0,600000.0,Tunis,Carthage,5.778151250383644
Villa,6.0,1.0,270.0,120000.0,Tunis,Autres villes,5.079181246047625
Apartment,3.0,3.0,196.0,880000.0,Tunis,L'aouina,5.944482672150168
Villa,4.0,2.0,465.0,1050000.0,Tunis,Menzah,6.021189299069938
Apartment,3.0,3.0,156.0,350000.0,Tunis,Tunis,5.544068044350276
Apartment,3.0,2.0,160.0,560000.0,Tunis,Tunis,5.748188027006201
Apartment,2.0,2.0,115.0,262000.0,Tunis,L'aouina,5.418301291319746
Villa,5.0,4.0,247.0,850000.0,Tunis,La Marsa,5.929418925714293
Apartment,2.0,1.0,60.0,65000.0,Tunis,Ezzouhour,4.812913356642856
Apartment,2.0,1.0,93.0,290000.0,Tunis,Le Kram,5.4623979978989565
Apartment,4.0,2.0,285.0,550000.0,Tunis,Manar,5.740362689494244
Apartment,2.0,1.0,123.0,345000.0,Tunis,La Marsa,5.537819095073274
Apartment,3.0,2.0,174.0,2995000.0,Tunis,Tunis,6.47639682672533
Apartment,3.0,2.0,165.0,380000.0,Tunis,Autres villes,5.57978359661681
Apartment,3.0,1.0,160.0,450000.0,Tunis,La Marsa,5.653212513775344
Apartment,3.0,1.0,145.0,250000.0,Tunis,L'aouina,5.3979400086720375
Villa,6.0,1.0,128.0,170000.0,Tunis,Autres villes,5.230448921378274
Apartment,1.0,1.0,82.0,165000.0,Tunis,L'aouina,5.217483944213907
Apartment,3.0,2.0,149.0,260000.0,Tunis,L'aouina,5.414973347970818
Apartment,3.0,2.0,138.0,265000.0,Tunis,L'aouina,5.423245873936808
Apartment,4.0,3.0,175.0,380000.0,Tunis,L'aouina,5.57978359661681
Apartment,3.0,2.0,143.0,278000.0,Tunis,L'aouina,5.444044795918076
Villa,4.0,2.0,577.0,750000.0,Tunis,Sidi El Béchir,5.8750612633917
Apartment,4.0,1.0,100.0,60000.0,Tunis,Ezzouhour,4.778151250383644
Villa,8.0,3.0,950.0,950000.0,Tunis,Menzah,5.977723605288848
Villa,8.0,3.0,445.0,950000.0,Tunis,Menzah,5.977723605288848
Villa,4.0,1.0,188.0,240000.0,Tunis,El Ouardia,5.380211241711606
Villa,4.0,4.0,450.0,950000.0,Tunis,L'aouina,5.977723605288848
Apartment,1.0,1.0,60.0,195000.0,Tunis,Autres villes,5.290034611362518
Apartment,3.0,1.0,60.0,180000.0,Tunis,Tunis,5.2552725051033065
Apartment,4.0,3.0,176.0,450000.0,Tunis,L'aouina,5.653212513775344
Apartment,3.0,2.0,150.0,260000.0,Tunis,L'aouina,5.414973347970818
Villa,3.0,2.0,357.0,560000.0,Tunis,L'aouina,5.748188027006201
Villa,4.0,3.0,550.0,1200000.0,Tunis,L'aouina,6.079181246047625
Villa,3.0,1.0,180.0,360000.0,Tunis,Autres villes,5.556302500767287
Apartment,3.0,1.0,134.0,280000.0,Tunis,La Marsa,5.447158031342219
Apartment,2.0,1.0,128.0,2200000.0,Tunis,La Marsa,6.342422680822207
Apartment,1.0,1.0,63.0,150000.0,Tunis,La Marsa,5.176091259055681
Apartment,1.0,1.0,65.0,160000.0,Tunis,La Marsa,5.204119982655925
Apartment,3.0,2.0,150.0,380000.0,Tunis,La Marsa,5.57978359661681
Apartment,4.0,1.0,115.0,250000.0,Tunis,Menzah,5.3979400086720375
Villa,4.0,1.0,170.0,1600000.0,Tunis,Autres villes,6.204119982655925
Apartment,3.0,1.0,130.0,250000.0,Tunis,La Marsa,5.3979400086720375
Apartment,1.0,1.0,61.0,150000.0,Tunis,La Marsa,5.176091259055681
Apartment,2.0,1.0,120.0,200000.0,Tunis,La Marsa,5.301029995663981
Apartment,3.0,1.0,220.0,530000.0,Tunis,La Marsa,5.724275869600789
Villa,3.0,1.0,579.0,600000.0,Tunis,Le Bardo,5.778151250383644
Villa,4.0,1.0,183.0,800000.0,Tunis,Centre Ville - Lafayette,5.903089986991944
Villa,6.0,3.0,180.0,150000.0,Tunis,La Marsa,5.176091259055681
Villa,4.0,2.0,170.0,240000.0,Tunis,Autres villes,5.380211241711606
Apartment,2.0,1.0,79.0,103356.0,Tunis,Autres villes,5.014335693263793
Villa,6.0,4.0,750.0,1800000.0,Tunis,Menzah,6.2552725051033065
Villa,4.0,2.0,75.0,120000.0,Tunis,Autres villes,5.079181246047625
Apartment,3.0,1.0,179.0,870000.0,Tunis,La Marsa,5.939519252618618
Villa,5.0,4.0,510.0,1100000.0,Tunis,Tunis,6.041392685158225
Villa,4.0,2.0,349.0,1850000.0,Tunis,La Marsa,6.267171728403014
Apartment,3.0,2.0,187.0,542300.0,Tunis,La Marsa,5.734239604435455
Apartment,2.0,1.0,125.0,170000.0,Tunis,Autres villes,5.230448921378274
Apartment,4.0,1.0,136.0,350000.0,Tunis,Le Bardo,5.544068044350276
Villa,7.0,3.0,318.0,1400000.0,Tunis,Tunis,6.146128035678238
Apartment,2.0,1.0,120.0,180000.0,Tunis,Autres villes,5.2552725051033065
Villa,3.0,1.0,400.0,380000.0,Tunis,Ezzouhour,5.57978359661681
Apartment,3.0,2.0,150.0,300000.0,Tunis,La Marsa,5.477121254719663
Apartment,4.0,3.0,300.0,650000.0,Tunis,La Marsa,5.812913356642856
Apartment,3.0,3.0,170.0,700000.0,Tunis,La Marsa,5.845098040014257
Villa,3.0,2.0,140.0,850000.0,Tunis,Carthage,5.929418925714293
Apartment,2.0,1.0,77.0,195000.0,Tunis,Tunis,5.290034611362518
Apartment,1.0,1.0,60.0,95000.0,Tunis,Autres villes,4.977723605288848
Villa,8.0,2.0,476.0,1500000.0,Tunis,La Marsa,6.176091259055681
Apartment,3.0,2.0,193.0,570000.0,Tunis,La Marsa,5.755874855672492
Apartment,3.0,3.0,184.0,350000.0,Tunis,L'aouina,5.544068044350276
Apartment,3.0,2.0,126.0,250000.0,Tunis,L'aouina,5.3979400086720375
Villa,5.0,1.0,124.0,170000.0,Tunis,Sidi Hassine,5.230448921378274
Villa,4.0,3.0,300.0,850000.0,Tunis,La Marsa,5.929418925714293
Apartment,3.0,1.0,115.0,250000.0,Tunis,Autres villes,5.3979400086720375
Villa,4.0,1.0,470.0,870000.0,Tunis,Mutuelleville,5.939519252618618
Apartment,2.0,1.0,112.0,325000.0,Tunis,Carthage,5.511883360978874
Apartment,3.0,2.0,294.0,560000.0,Tunis,La Marsa,5.748188027006201
Apartment,2.0,1.0,110.0,360000.0,Tunis,La Marsa,5.556302500767287
Apartment,3.0,2.0,153.0,260000.0,Tunis,L'aouina,5.414973347970818
Villa,4.0,1.0,350.0,360000.0,Tunis,Le Bardo,5.556302500767287
Apartment,2.0,1.0,80.0,200000.0,Tunis,Tunis,5.301029995663981
Villa,3.0,2.0,498.0,1050000.0,Tunis,La Marsa,6.021189299069938
Villa,7.0,3.0,463.0,620000.0,Tunis,Sidi El Béchir,5.792391689498253
Apartment,4.0,2.0,140.0,330000.0,Tunis,Menzah,5.518513939877887
Villa,5.0,3.0,370.0,1550000.0,Tunis,Autres villes,6.190331698170292
Apartment,3.0,2.0,134.0,650000.0,Tunis,La Marsa,5.812913356642856
Apartment,3.0,1.0,85.0,230000.0,Tunis,Centre Ville - Lafayette,5.361727836017593
Apartment,2.0,1.0,265.0,470000.0,Tunis,L'aouina,5.672097857935717
Villa,3.0,2.0,542.0,970000.0,Tunis,Menzah,5.986771734266245
Villa,8.0,2.0,624.0,1180000.0,Tunis,Menzah,6.071882007306125
Apartment,2.0,2.0,120.0,2000000.0,Tunis,La Marsa,6.301029995663981
Villa,10.0,4.0,775.0,2500000.0,Tunis,La Marsa,6.3979400086720375
Apartment,3.0,2.0,190.0,780000.0,Tunis,La Marsa,5.892094602690481
Apartment,4.0,1.0,135.0,190000.0,Tunis,Autres villes,5.278753600952829
Apartment,2.0,1.0,100.0,270000.0,Tunis,Autres villes,5.431363764158987
Apartment,2.0,1.0,65.0,260000.0,Tunis,Sidi Bou Said,5.414973347970818
Apartment,3.0,1.0,300.0,835000.0,Tunis,Carthage,5.921686475483602
Apartment,3.0,1.0,164.0,330000.0,Tunis,La Goulette,5.518513939877887
Villa,4.0,2.0,709.0,750000.0,Tunis,Autres villes,5.8750612633917
Apartment,3.0,2.0,116.0,245000.0,Tunis,Autres villes,5.389166084364533
Apartment,2.0,1.0,65.0,170000.0,Tunis,L'aouina,5.230448921378274
Villa,2.0,1.0,200.0,100000.0,Tunis,Sidi Hassine,5.0
Apartment,2.0,1.0,125.0,170000.0,Tunis,Autres villes,5.230448921378274
Villa,4.0,2.0,110.0,170000.0,Tunis,Autres villes,5.230448921378274
Villa,2.0,1.0,90.0,80000.0,Tunis,Autres villes,4.903089986991944
Apartment,3.0,1.0,82.0,130000.0,Tunis,Hraïria,5.113943352306837
Villa,10.0,4.0,600.0,1900000.0,Tunis,Autres villes,6.278753600952829
Apartment,1.0,1.0,80.0,175000.0,Tunis,L'aouina,5.243038048686294
Villa,3.0,2.0,192.0,250000.0,Tunis,L'aouina,5.3979400086720375
Villa,2.0,1.0,200.0,100000.0,Tunis,Autres villes,5.0
Villa,6.0,3.0,330.0,1056000.0,Tunis,La Marsa,6.023663918197793
Apartment,4.0,2.0,227.0,726400.0,Tunis,La Marsa,5.861175835513029
Apartment,4.0,2.0,157.0,420000.0,Tunis,Le Kram,5.623249290397901
Villa,4.0,2.0,450.0,1200000.0,Tunis,Autres villes,6.079181246047625
Apartment,4.0,2.0,160.0,400000.0,Tunis,Menzah,5.6020599913279625
Villa,3.0,1.0,210.0,185000.0,Tunis,Hraïria,5.267171728403014
Villa,5.0,4.0,267.0,650000.0,Tunis,Autres villes,5.812913356642856
Apartment,2.0,1.0,100.0,130000.0,Tunis,Autres villes,5.113943352306837
Apartment,2.0,2.0,122.0,290000.0,Tunis,Menzah,5.4623979978989565
Villa,4.0,2.0,200.0,160000.0,Tunis,Autres villes,5.204119982655925
Apartment,2.0,1.0,70.0,145000.0,Tunis,Le Bardo,5.161368002234975
Apartment,4.0,2.0,214.0,650000.0,Tunis,La Marsa,5.812913356642856
Apartment,4.0,1.0,150.0,255000.0,Tunis,Menzah,5.406540180433956
Villa,4.0,3.0,320.0,490000.0,Tunis,Tunis,5.690196080028514
Apartment,3.0,2.0,135.0,320000.0,Tunis,Carthage,5.505149978319906
Villa,3.0,3.0,240.0,390000.0,Tunis,Carthage,5.5910646070265
Villa,5.0,3.0,412.0,1650000.0,Tunis,Carthage,6.217483944213907
Villa,3.0,1.0,162.0,200000.0,Tunis,Autres villes,5.301029995663981
Apartment,4.0,2.0,160.0,330000.0,Tunis,La Goulette,5.518513939877887
Apartment,3.0,2.0,110.0,270000.0,Tunis,L'aouina,5.431363764158987
Apartment,3.0,3.0,237.0,695000.0,Tunis,La Marsa,5.841984804590114
Villa,3.0,3.0,500.0,1000000.0,Tunis,La Marsa,6.0
Apartment,1.0,1.0,67.0,191000.0,Tunis,La Marsa,5.281033367247727
Villa,3.0,3.0,390.0,950000.0,Tunis,La Marsa,5.977723605288848
Villa,7.0,4.0,424.0,1850000.0,Tunis,Carthage,6.267171728403014
Apartment,2.0,2.0,123.0,275000.0,Tunis,L'aouina,5.439332693830263
Villa,3.0,2.0,250.0,750000.0,Tunis,La Marsa,5.8750612633917
Villa,4.0,2.0,870.0,4500000.0,Tunis,Carthage,6.653212513775344
Apartment,3.0,1.0,170.0,360000.0,Tunis,Le Kram,5.556302500767287
Apartment,3.0,1.0,111.0,285000.0,Tunis,L'aouina,5.45484486000851
Apartment,4.0,2.0,275.0,480000.0,Tunis,Autres villes,5.681241237375588
Villa,5.0,2.0,730.0,1050000.0,Tunis,Le Bardo,6.021189299069938
Villa,5.0,2.0,180.0,250000.0,Tunis,Le Bardo,5.3979400086720375
Villa,8.0,2.0,1800.0,3900000.0,Tunis,La Marsa,6.5910646070265
Villa,2.0,2.0,250.0,850000.0,Tunis,Menzah,5.929418925714293
Villa,3.0,1.0,2000.0,350000.0,Tunis,Autres villes,5.544068044350276
Apartment,2.0,2.0,122.0,280000.0,Tunis,Menzah,5.447158031342219
Villa,5.0,2.0,500.0,1300000.0,Tunis,La Marsa,6.113943352306837
Apartment,3.0,2.0,99.0,190000.0,Tunis,Autres villes,5.278753600952829
Apartment,3.0,2.0,123.0,240000.0,Tunis,L'aouina,5.380211241711606
Apartment,3.0,2.0,143.0,320000.0,Tunis,Menzah,5.505149978319906
Apartment,1.0,1.0,67.0,215000.0,Tunis,Carthage,5.332438459915605
Villa,5.0,3.0,400.0,1050000.0,Tunis,La Marsa,6.021189299069938
Villa,5.0,3.0,400.0,900000.0,Tunis,L'aouina,5.954242509439325
Villa,7.0,3.0,152.0,230000.0,Tunis,Le Bardo,5.361727836017593
Villa,5.0,2.0,164.0,150000.0,Tunis,Ezzouhour,5.176091259055681
Apartment,3.0,1.0,140.0,350000.0,Tunis,Manar,5.544068044350276
Apartment,4.0,2.0,202.0,560000.0,Tunis,La Marsa,5.748188027006201
Villa,7.0,4.0,1213.0,7000000.0,Tunis,Carthage,6.845098040014257
Villa,5.0,4.0,520.0,900000.0,Tunis,Tunis,5.954242509439325
Apartment,3.0,2.0,130.0,1050000.0,Tunis,L'aouina,6.021189299069938
Apartment,3.0,2.0,228.0,980000.0,Tunis,Carthage,5.991226075692495
Villa,4.0,2.0,1009.0,85000.0,Tunis,El Ouardia,4.929418925714293
Apartment,2.0,1.0,75.0,160000.0,Tunis,Menzah,5.204119982655925
Villa,3.0,1.0,392.0,600000.0,Tunis,Le Bardo,5.778151250383644
Villa,6.0,2.0,500.0,900000.0,Tunis,Menzah,5.954242509439325
Apartment,2.0,1.0,94.0,190000.0,Tunis,Menzah,5.278753600952829
Apartment,3.0,1.0,135.0,295000.0,Tunis,Carthage,5.469822015978163
Apartment,3.0,1.0,100.0,13000.0,Tunis,Tunis,4.113943352306837
Villa,3.0,2.0,137.0,220000.0,Tunis,L'aouina,5.342422680822207
Apartment,1.0,1.0,77.0,234972.0,Tunis,La Marsa,5.371016113463264
Apartment,2.0,2.0,118.0,495000.0,Tunis,La Marsa,5.694605198933568
Villa,4.0,1.0,800.0,300000.0,Tunis,Autres villes,5.477121254719663
Villa,3.0,1.0,250.0,400000.0,Tunis,Le Bardo,5.6020599913279625
Villa,3.0,1.0,431.0,650000.0,Tunis,La Marsa,5.812913356642856
Apartment,3.0,1.0,70.0,75000.0,Tunis,Sidi Hassine,4.8750612633917
Villa,5.0,1.0,120.0,350000.0,Tunis,Autres villes,5.544068044350276
Villa,3.0,2.0,188.0,890000.0,Tunis,Carthage,5.949390006644912
Villa,2.0,1.0,110.0,190000.0,Tunis,Carthage,5.278753600952829
Villa,2.0,1.0,180.0,950000.0,Tunis,La Marsa,5.977723605288848
Villa,6.0,2.0,380.0,1250000.0,Tunis,Le Kram,6.096910013008056
Villa,5.0,3.0,695.0,680000.0,Tunis,El Ouardia,5.832508912706237
Villa,4.0,2.0,280.0,1200000.0,Tunis,Carthage,6.079181246047625
Apartment,2.0,2.0,191.0,750000.0,Tunis,La Marsa,5.8750612633917
Apartment,1.0,1.0,97.0,300000.0,Tunis,La Marsa,5.477121254719663
Apartment,2.0,1.0,144.0,900000.0,Tunis,La Marsa,5.954242509439325
Apartment,4.0,1.0,150.0,850000.0,Tunis,La Goulette,5.929418925714293
Apartment,4.0,2.0,229.0,800000.0,Tunis,La Marsa,5.903089986991944
Apartment,1.0,1.0,67.0,155000.0,Tunis,Menzah,5.190331698170292
Apartment,4.0,1.0,110.0,250000.0,Tunis,L'aouina,5.3979400086720375
Villa,6.0,3.0,643.0,1800000.0,Tunis,Mutuelleville,6.2552725051033065
Villa,4.0,3.0,420.0,1550000.0,Tunis,Mutuelleville,6.190331698170292
Apartment,1.0,1.0,73.0,260000.0,Tunis,Le Kram,5.414973347970818
Apartment,3.0,2.0,260.0,600000.0,Tunis,Tunis,5.778151250383644
Apartment,3.0,1.0,100.0,175000.0,Tunis,Autres villes,5.243038048686294
Villa,5.0,3.0,220.0,220000.0,Tunis,La Marsa,5.342422680822207
Apartment,2.0,2.0,113.0,215000.0,Tunis,L'aouina,5.332438459915605
Villa,5.0,1.0,380.0,350000.0,Tunis,Tunis,5.544068044350276
Villa,3.0,3.0,115.0,250000.0,Tunis,El Kabaria,5.3979400086720375
Apartment,3.0,1.0,100.0,225000.0,Tunis,Menzah,5.352182518111363
Villa,5.0,3.0,130.0,280000.0,Tunis,Autres villes,5.447158031342219
Apartment,2.0,2.0,119.0,380000.0,Tunis,La Marsa,5.57978359661681
Villa,8.0,4.0,400.0,820000.0,Tunis,Menzah,5.913813852383717
Apartment,4.0,2.0,120.0,220000.0,Tunis,Menzah,5.342422680822207
Apartment,3.0,1.0,78.0,95000.0,Tunis,El Kabaria,4.977723605288848
Villa,3.0,2.0,100.0,90000.0,Tunis,El Ouardia,4.954242509439325
Apartment,4.0,1.0,101.0,245000.0,Tunis,La Marsa,5.389166084364533
Apartment,3.0,2.0,178.0,540000.0,Tunis,Sidi Daoud,5.732393759822968
Villa,2.0,1.0,436.0,1000000.0,Tunis,El Omrane,6.0
Villa,4.0,1.0,515.0,690000.0,Tunis,Le Bardo,5.838849090737256
Apartment,3.0,1.0,174.0,350000.0,Tunis,Manar,5.544068044350276
Apartment,3.0,1.0,80.0,95000.0,Tunis,Le Bardo,4.977723605288848
Apartment,4.0,1.0,110.0,242000.0,Tunis,Menzah,5.383815365980431
Apartment,3.0,3.0,247.0,850000.0,Tunis,Autres villes,5.929418925714293
Apartment,2.0,1.0,92.0,198000.0,Tunis,L'aouina,5.296665190261531
Villa,2.0,1.0,200.0,650000.0,Tunis,Autres villes,5.812913356642856
Apartment,1.0,1.0,85.0,175000.0,Tunis,L'aouina,5.243038048686294
Apartment,2.0,1.0,108.0,200000.0,Tunis,L'aouina,5.301029995663981
Apartment,3.0,2.0,125.0,250000.0,Tunis,L'aouina,5.3979400086720375
Apartment,3.0,2.0,134.0,250000.0,Tunis,L'aouina,5.3979400086720375
Apartment,2.0,1.0,106.0,220000.0,Tunis,L'aouina,5.342422680822207
Villa,8.0,2.0,360.0,570000.0,Tunis,Le Bardo,5.755874855672492
Apartment,2.0,1.0,65.0,175000.0,Tunis,Autres villes,5.243038048686294
Apartment,3.0,1.0,70.0,70000.0,Tunis,Autres villes,4.845098040014257
Villa,5.0,3.0,686.0,1580000.0,Tunis,Mutuelleville,6.198657086954422
Apartment,1.0,1.0,104.0,264000.0,Tunis,La Marsa,5.421603926869831
Apartment,3.0,1.0,134.0,280000.0,Tunis,La Marsa,5.447158031342219
Apartment,4.0,1.0,85.0,147000.0,Tunis,L'aouina,5.167317334748176
Apartment,3.0,3.0,197.0,545000.0,Tunis,Sidi Daoud,5.7363965022766426
Apartment,1.0,1.0,78.0,235000.0,Tunis,Carthage,5.371067862271736
Villa,5.0,2.0,250.0,450000.0,Tunis,Carthage,5.653212513775344
Villa,4.0,2.0,1000.0,900000.0,Tunis,L'aouina,5.954242509439325
Apartment,4.0,2.0,147.0,450000.0,Tunis,Carthage,5.653212513775344
Apartment,4.0,1.0,142.0,400000.0,Tunis,Autres villes,5.6020599913279625
Apartment,4.0,3.0,240.0,370000.0,Tunis,Le Kram,5.568201724066995
Villa,7.0,5.0,600.0,2500000.0,Tunis,Carthage,6.3979400086720375
Villa,4.0,4.0,350.0,520000.0,Tunis,Sidi El Béchir,5.7160033436348
Apartment,4.0,2.0,200.0,380000.0,Tunis,L'aouina,5.57978359661681
Villa,3.0,2.0,250.0,1500000.0,Tunis,La Marsa,6.176091259055681
Villa,4.0,2.0,500.0,1350000.0,Tunis,Menzah,6.130333768495007
Apartment,3.0,1.0,100.0,1000000.0,Tunis,Manar,6.0
Villa,8.0,2.0,425.0,2000000.0,Tunis,Menzah,6.301029995663981
Apartment,2.0,1.0,105.0,240000.0,Tunis,La Marsa,5.380211241711606
Apartment,2.0,1.0,94.0,185000.0,Tunis,L'aouina,5.267171728403014
Apartment,2.0,1.0,105.0,210000.0,Tunis,L'aouina,5.32221929473392
Villa,5.0,2.0,100.0,260000.0,Tunis,El Omrane supérieur,5.414973347970818
Apartment,2.0,1.0,103.0,155000.0,Tunis,Manar,5.190331698170292
Apartment,1.0,1.0,78.0,147000.0,Tunis,L'aouina,5.167317334748176
Apartment,3.0,1.0,130.0,270000.0,Tunis,La Marsa,5.431363764158987
Apartment,2.0,1.0,100.0,180000.0,Tunis,L'aouina,5.2552725051033065
Apartment,1.0,1.0,60.0,135000.0,Tunis,L'aouina,5.130333768495007
Apartment,1.0,1.0,60.0,120000.0,Tunis,L'aouina,5.079181246047625
Apartment,3.0,2.0,135.0,230000.0,Tunis,L'aouina,5.361727836017593
Villa,3.0,1.0,436.0,530000.0,Tunis,Le Bardo,5.724275869600789
Villa,3.0,1.0,448.0,980000.0,Tunis,La Marsa,5.991226075692495
Villa,1.0,1.0,200.0,330000.0,Tunis,Carthage,5.518513939877887
Apartment,4.0,1.0,118.0,300000.0,Tunis,Autres villes,5.477121254719663
Apartment,3.0,2.0,135.0,250000.0,Tunis,Manar,5.3979400086720375
Apartment,3.0,1.0,87.0,100000.0,Tunis,Tunis,5.0
Villa,10.0,6.0,1000.0,1250000.0,Tunis,Autres villes,6.096910013008056
Villa,3.0,2.0,280.0,480000.0,Tunis,Le Kram,5.681241237375588
Apartment,1.0,1.0,37.0,160000.0,Tunis,Autres villes,5.204119982655925
Apartment,3.0,1.0,45.0,80000.0,Tunis,Autres villes,4.903089986991944
Apartment,1.0,1.0,50.0,130000.0,Tunis,Manar,5.113943352306837
Apartment,3.0,2.0,179.0,650000.0,Tunis,La Marsa,5.812913356642856
Villa,6.0,4.0,200.0,800000.0,Tunis,Carthage,5.903089986991944
Apartment,2.0,2.0,117.0,353000.0,Tunis,Carthage,5.547774705387822
Apartment,2.0,1.0,80.0,70000.0,Tunis,Le Bardo,4.845098040014257
Villa,5.0,2.0,402.0,600000.0,Tunis,El Ouardia,5.778151250383644
Villa,5.0,4.0,677.0,1350000.0,Tunis,La Marsa,6.130333768495007
Apartment,4.0,1.0,143.0,230000.0,Tunis,El Ouardia,5.361727836017593
Apartment,1.0,1.0,61.0,150000.0,Tunis,La Marsa,5.176091259055681
Villa,4.0,2.0,300.0,400000.0,Tunis,Menzah,5.6020599913279625
Apartment,1.0,1.0,60.0,172000.0,Tunis,L'aouina,5.235528446907549
Villa,4.0,4.0,266.0,850000.0,Tunis,La Marsa,5.929418925714293
Villa,2.0,1.0,100.0,140000.0,Tunis,El Omrane supérieur,5.146128035678238
Villa,9.0,4.0,452.0,1200000.0,Tunis,Carthage,6.079181246047625
Apartment,2.0,1.0,120.0,220000.0,Tunis,La Marsa,5.342422680822207
Apartment,3.0,1.0,104.0,170000.0,Tunis,Autres villes,5.230448921378274
Apartment,4.0,2.0,180.0,180000.0,Tunis,Menzah,5.2552725051033065
Villa,5.0,2.0,480.0,950000.0,Tunis,Menzah,5.977723605288848
Villa,6.0,4.0,760.0,4800000.0,Tunis,Carthage,6.681241237375588
Villa,5.0,2.0,200.0,450000.0,Tunis,Autres villes,5.653212513775344
Villa,5.0,2.0,250.0,270000.0,Tunis,Autres villes,5.431363764158987
Apartment,2.0,1.0,118.0,380000.0,Tunis,La Goulette,5.57978359661681
Apartment,1.0,1.0,50.0,50000.0,Tunis,Centre Urbain Nord,4.698970004336019
Apartment,4.0,3.0,236.0,630000.0,Tunis,La Marsa,5.799340549453582
Apartment,2.0,1.0,70.0,74000.0,Tunis,Autres villes,4.869231719730976
Apartment,3.0,1.0,133.0,270000.0,Tunis,L'aouina,5.431363764158987
Villa,6.0,3.0,415.0,450000.0,Tunis,Autres villes,5.653212513775344
Villa,4.0,3.0,700.0,1900000.0,Tunis,La Marsa,6.278753600952829
Villa,8.0,6.0,496.0,1200000.0,Tunis,Tunis,6.079181246047625
Apartment,2.0,1.0,92.0,225000.0,Tunis,La Marsa,5.352182518111363
Apartment,3.0,2.0,130.0,800000.0,Tunis,La Marsa,5.903089986991944
Apartment,3.0,1.0,151.0,360000.0,Tunis,Manar,5.556302500767287
Apartment,2.0,1.0,70.0,280000.0,Tunis,Carthage,5.447158031342219
Villa,3.0,2.0,200.0,700000.0,Tunis,Menzah,5.845098040014257
Apartment,3.0,2.0,134.0,295000.0,Tunis,L'aouina,5.469822015978163
Apartment,3.0,2.0,151.0,350000.0,Tunis,L'aouina,5.544068044350276
Villa,3.0,2.0,440.0,980000.0,Tunis,Autres villes,5.991226075692495
Apartment,2.0,2.0,122.0,290000.0,Tunis,Menzah,5.4623979978989565
Apartment,1.0,1.0,79.0,275000.0,Tunis,Carthage,5.439332693830263
Apartment,1.0,1.0,76.0,174800.0,Tunis,L'aouina,5.242541428298384
Villa,4.0,1.0,112.0,200000.0,Tunis,Le Bardo,5.301029995663981
Apartment,3.0,1.0,129.0,240000.0,Tunis,L'aouina,5.380211241711606
Apartment,2.0,2.0,124.0,370000.0,Tunis,La Marsa,5.568201724066995
Apartment,1.0,1.0,85.0,243000.0,Tunis,La Marsa,5.385606273598312
Villa,4.0,1.0,120.0,95000.0,Tunis,Autres villes,4.977723605288848
Apartment,3.0,3.0,310.0,740000.0,Tunis,La Marsa,5.869231719730976
Apartment,1.0,1.0,59.0,130000.0,Tunis,L'aouina,5.113943352306837
Apartment,2.0,1.0,123.0,367000.0,Tunis,La Goulette,5.56466606425209
Villa,3.0,1.0,120.0,100000.0,Tunis,Sidi Hassine,5.0
Apartment,1.0,1.0,45.0,72000.0,Tunis,Menzah,4.857332496431268
Apartment,2.0,1.0,50.0,55000.0,Tunis,Centre Ville - Lafayette,4.740362689494244
Apartment,3.0,1.0,80.0,90000.0,Tunis,El Ouardia,4.954242509439325
Apartment,4.0,1.0,120.0,200000.0,Tunis,Autres villes,5.301029995663981
Apartment,3.0,1.0,70.0,170000.0,Tunis,Autres villes,5.230448921378274
Apartment,2.0,1.0,68.0,170000.0,Tunis,Le Bardo,5.230448921378274
Apartment,2.0,1.0,256.0,500000.0,Tunis,Le Kram,5.698970004336019
Villa,3.0,1.0,147.0,90000.0,Tunis,Tunis,4.954242509439325
Apartment,4.0,2.0,200.0,380000.0,Tunis,Menzah,5.57978359661681
Apartment,2.0,1.0,100.0,280000.0,Tunis,Carthage,5.447158031342219
Villa,3.0,1.0,120.0,180000.0,Tunis,El Ouardia,5.2552725051033065
Apartment,1.0,1.0,40.0,60000.0,Tunis,Autres villes,4.778151250383644
Apartment,2.0,1.0,70.0,220000.0,Tunis,Manar,5.342422680822207
Villa,7.0,2.0,300.0,575000.0,Tunis,Autres villes,5.759667844689631
Apartment,4.0,2.0,92.0,250000.0,Tunis,Mutuelleville,5.3979400086720375
Villa,3.0,2.0,137.0,1000000.0,Tunis,Autres villes,6.0
Villa,6.0,2.0,518.0,1600000.0,Tunis,La Goulette,6.204119982655925
Apartment,4.0,2.0,230.0,780000.0,Tunis,L'aouina,5.892094602690481
Apartment,3.0,2.0,400.0,1400000.0,Tunis,La Marsa,6.146128035678238
Apartment,3.0,1.0,75.0,170000.0,Tunis,Autres villes,5.230448921378274
Villa,4.0,1.0,260.0,310000.0,Tunis,Autres villes,5.491361693834273
Villa,3.0,2.0,186.0,130000.0,Tunis,Autres villes,5.113943352306837
Apartment,3.0,2.0,128.0,300000.0,Tunis,Menzah,5.477121254719663
Villa,3.0,1.0,130.0,130000.0,Tunis,Autres villes,5.113943352306837
Villa,2.0,1.0,160.0,180000.0,Tunis,Autres villes,5.2552725051033065
Villa,4.0,1.0,250.0,120000.0,Tunis,Autres villes,5.079181246047625
Villa,3.0,3.0,300.0,1700000.0,Tunis,La Marsa,6.230448921378274
Apartment,3.0,1.0,70.0,85000.0,Tunis,Ettahrir,4.929418925714293
Villa,5.0,2.0,288.0,400000.0,Tunis,Autres villes,5.6020599913279625
Villa,6.0,2.0,400.0,1600000.0,Tunis,La Marsa,6.204119982655925
Apartment,4.0,1.0,125.0,335000.0,Tunis,Manar,5.525044807036846
Villa,6.0,2.0,85.0,130000.0,Tunis,Tunis,5.113943352306837
Apartment,1.0,1.0,100.0,220000.0,Tunis,Menzah,5.342422680822207
Villa,4.0,2.0,100.0,90000.0,Tunis,Tunis,4.954242509439325
Apartment,3.0,3.0,165.0,525000.0,Tunis,La Marsa,5.720159303405957
Apartment,3.0,1.0,90.0,250000.0,Tunis,Le Kram,5.3979400086720375
Apartment,3.0,2.0,360.0,1150000.0,Tunis,Le Kram,6.060697840353612
Apartment,2.0,2.0,90.0,446000.0,Tunis,La Marsa,5.649334858712142
Apartment,1.0,1.0,95.0,295000.0,Tunis,La Marsa,5.469822015978163
Villa,4.0,3.0,352.0,1000000.0,Tunis,La Marsa,6.0
Villa,4.0,2.0,680.0,3300000.0,Tunis,Carthage,6.518513939877887
Villa,4.0,1.0,80.0,150000.0,Tunis,Ezzouhour,5.176091259055681
Apartment,1.0,1.0,69.0,194037.0,Tunis,Autres villes,5.287884551392505
Villa,2.0,1.0,120.0,280000.0,Tunis,Le Bardo,5.447158031342219
Villa,7.0,3.0,480.0,2800000.0,Tunis,La Marsa,6.447158031342219
Apartment,3.0,2.0,140.0,252000.0,Tunis,L'aouina,5.401400540781544
Apartment,2.0,2.0,122.0,290000.0,Tunis,Menzah,5.4623979978989565
Villa,8.0,3.0,1200.0,7000000.0,Tunis,Sidi Bou Said,6.845098040014257
Apartment,3.0,2.0,140.0,550000.0,Tunis,Le Kram,5.740362689494244
Villa,8.0,3.0,1006.0,3700000.0,Tunis,Sidi Bou Said,6.568201724066995
Apartment,3.0,1.0,70.0,50000.0,Tunis,L'aouina,4.698970004336019
Villa,7.0,2.0,807.0,2100000.0,Tunis,La Marsa,6.32221929473392
Villa,4.0,5.0,717.0,2300000.0,Tunis,Tunis,6.361727836017593
Villa,6.0,2.0,140.0,230000.0,Tunis,Autres villes,5.361727836017593
Apartment,2.0,2.0,100.0,410000.0,Tunis,La Marsa,5.612783856719736
Apartment,2.0,2.0,117.0,570000.0,Tunis,La Marsa,5.755874855672492
Apartment,3.0,1.0,110.0,210000.0,Tunis,Ettahrir,5.32221929473392
Apartment,4.0,2.0,160.0,270000.0,Tunis,Manar,5.431363764158987
Apartment,2.0,1.0,105.0,240000.0,Tunis,La Marsa,5.380211241711606
Apartment,2.0,1.0,100.0,165000.0,Tunis,Autres villes,5.217483944213907
Apartment,1.0,1.0,62.0,300000.0,Tunis,Tunis,5.477121254719663
Apartment,3.0,3.0,167.0,290000.0,Tunis,Tunis,5.4623979978989565
Villa,5.0,2.0,470.0,870000.0,Tunis,Mutuelleville,5.939519252618618
Villa,4.0,1.0,164.0,155000.0,Tunis,El Kabaria,5.190331698170292
Villa,2.0,1.0,80.0,60000.0,Tunis,Tunis,4.778151250383644
Apartment,2.0,1.0,102.0,285000.0,Tunis,Le Kram,5.45484486000851
Apartment,2.0,1.0,115.0,290000.0,Tunis,L'aouina,5.4623979978989565
Apartment,2.0,2.0,140.0,430000.0,Tunis,Centre Urbain Nord,5.633468455579586
Villa,4.0,2.0,300.0,32000.0,Tunis,Hraïria,4.505149978319906
Apartment,2.0,1.0,83.0,120000.0,Tunis,Tunis,5.079181246047625
Apartment,3.0,1.0,80.0,135000.0,Tunis,Centre Ville - Lafayette,5.130333768495007
Apartment,2.0,1.0,100.0,300000.0,Tunis,Autres villes,5.477121254719663
Villa,5.0,2.0,200.0,230000.0,Tunis,El Ouardia,5.361727836017593
Villa,4.0,2.0,500.0,1000000.0,Tunis,La Marsa,6.0
Apartment,2.0,1.0,105.0,230000.0,Tunis,L'aouina,5.361727836017593
Villa,3.0,1.0,150.0,420000.0,Tunis,Autres villes,5.623249290397901
Villa,3.0,1.0,140.0,115000.0,Tunis,Séjoumi,5.060697840353612
Apartment,2.0,1.0,80.0,180000.0,Tunis,Autres villes,5.2552725051033065
Apartment,2.0,1.0,130.0,270000.0,Tunis,L'aouina,5.431363764158987
Apartment,2.0,1.0,85.0,220000.0,Tunis,Manar,5.342422680822207
Apartment,3.0,1.0,147.0,323000.0,Tunis,L'aouina,5.509202522331103
Apartment,3.0,1.0,155.0,380000.0,Tunis,L'aouina,5.57978359661681
Apartment,2.0,3.0,147.0,450000.0,Tunis,Autres villes,5.653212513775344
Apartment,3.0,3.0,200.0,610000.0,Tunis,La Marsa,5.785329835010767
Apartment,2.0,1.0,93.0,215000.0,Tunis,L'aouina,5.332438459915605
Apartment,4.0,2.0,160.0,180000.0,Tunis,Menzah,5.2552725051033065
Apartment,2.0,2.0,212.0,330000.0,Tunis,L'aouina,5.518513939877887
Apartment,4.0,3.0,355.0,550000.0,Tunis,L'aouina,5.740362689494244
Apartment,1.0,1.0,100.0,190000.0,Tunis,L'aouina,5.278753600952829
Apartment,3.0,3.0,284.0,680000.0,Tunis,L'aouina,5.832508912706237
Apartment,2.0,1.0,110.0,255000.0,Tunis,L'aouina,5.406540180433956
Apartment,3.0,2.0,200.0,650000.0,Tunis,Autres villes,5.812913356642856
Apartment,3.0,3.0,211.0,459650.0,Tunis,L'aouina,5.662427264452727
Villa,4.0,1.0,401.0,750000.0,Tunis,Le Bardo,5.8750612633917
Villa,5.0,3.0,410.0,1200000.0,Tunis,L'aouina,6.079181246047625
Apartment,3.0,2.0,97.0,88000.0,Tunis,Tunis,4.944482672150168
Apartment,3.0,1.0,86.0,95000.0,Tunis,Le Bardo,4.977723605288848
Villa,2.0,1.0,108.0,320000.0,Tunis,Menzah,5.505149978319906
Apartment,2.0,1.0,80.0,90000.0,Tunis,Tunis,4.954242509439325
Villa,5.0,4.0,1260.0,2800000.0,Tunis,Manar,6.447158031342219
Villa,6.0,3.0,571.0,2200000.0,Tunis,Manar,6.342422680822207
Apartment,4.0,1.0,130.0,260000.0,Tunis,Menzah,5.414973347970818
Apartment,3.0,1.0,90.0,220000.0,Tunis,Menzah,5.342422680822207
Villa,4.0,2.0,300.0,850000.0,Tunis,La Marsa,5.929418925714293
Villa,3.0,1.0,180.0,187000.0,Tunis,Autres villes,5.271841606536499
Apartment,3.0,1.0,100.0,800000.0,Tunis,L'aouina,5.903089986991944
Apartment,1.0,1.0,61.0,295000.0,Tunis,La Marsa,5.469822015978163
Apartment,3.0,3.0,186.0,950000.0,Tunis,La Marsa,5.977723605288848
Apartment,4.0,1.0,150.0,800000.0,Tunis,La Marsa,5.903089986991944
Apartment,3.0,1.0,75.0,80000.0,Tunis,Autres villes,4.903089986991944
Apartment,2.0,1.0,98.0,299000.0,Tunis,Le Kram,5.47567118832443
Apartment,3.0,2.0,161.0,415000.0,Tunis,Sidi Daoud,5.6180480967120925
Apartment,3.0,1.0,104.0,160000.0,Tunis,Hraïria,5.204119982655925
Apartment,2.0,1.0,68.0,110000.0,Tunis,Centre Urbain Nord,5.041392685158225
Apartment,2.0,1.0,140.0,250000.0,Tunis,Tunis,5.3979400086720375
Villa,3.0,1.0,760.0,1950000.0,Tunis,La Marsa,6.290034611362518
Villa,3.0,1.0,190.0,240000.0,Tunis,La Marsa,5.380211241711606
